const_no,constituency,margin,swing_to_flip,swing_pct,total_votes,winner,winner_party,winner_votes,winner_pct,runner_up,runner_party,runner_votes,runner_pct
185,TIRUPPATTUR,30,15,0.01,215316,PERIAKARUPPAN. KR,Dravida Munnetra Kazhagam,83226,38.65,SEENIVASA SETHUPATHY. R,Tamilaga Vettri Kazhagam,83196,38.64
54,VEPPANAHALLI,138,69,0.03,222608,SRINIVASAN.P.S,Dravida Munnetra Kazhagam,74691,33.55,MUNUSAMY.K.P,All India Anna Dravida Munnetra Kazhagam,74553,33.49
229,KANNIYAKUMARI,214,107,0.04,239150,THALAVAI SUNDARAM. N,All India Anna Dravida Munnetra Kazhagam,75045,31.38,MAHESH.R,Dravida Munnetra Kazhagam,74831,31.29
66,POLUR,227,114,0.05,211743,ABISHEK. R,Tamilaga Vettri Kazhagam,67961,32.1,SARAVANAN. P,Desiya Murpokku Dravida Kazhagam,67734,31.99
76,TIRUKKOYILUR,285,143,0.07,217318,PALANISAMY S,All India Anna Dravida Munnetra Kazhagam,73033,33.61,VIJAY R BARANIBALAAJI,Tamilaga Vettri Kazhagam,72748,33.48
95,PARAMATHI-VELUR,308,154,0.08,188845,SEKAR S,All India Anna Dravida Munnetra Kazhagam,61349,32.49,MOORTHIY K S,Dravida Munnetra Kazhagam,61041,32.32
137,KULITHALAI,579,290,0.14,209091,SURIYANUR. A. CHANDRAN,Dravida Munnetra Kazhagam,68138,32.59,G.BALASUBRAMANI,Tamilaga Vettri Kazhagam,67559,32.31
171,KUMBAKONAM,679,340,0.16,208288,VINOTH,Tamilaga Vettri Kazhagam,78650,37.76,ANBALAGAN G,Dravida Munnetra Kazhagam,77971,37.43
127,PALANI,693,347,0.17,208619,RAVIMANOHARAN. K,All India Anna Dravida Munnetra Kazhagam,66986,32.11,DR. PRAVEEN KUMAR. M,Tamilaga Vettri Kazhagam,66293,31.78
72,TINDIVANAM,734,367,0.19,196026,VANNI ARASU,Viduthalai Chiruthaigal Katchi,63833,32.56,ARJUNAN. P,All India Anna Dravida Munnetra Kazhagam,63099,32.19
201,CUMBUM,751,376,0.18,210574,JEGANATHMISHRA PLA,Tamilaga Vettri Kazhagam,85394,40.55,ERAMAKRISHNAN N,Dravida Munnetra Kazhagam,84643,40.2
80,KALLAKURICHI,798,399,0.16,249626,ARUL VIGNESH C,Tamilaga Vettri Kazhagam,81132,32.5,RAJEEVGANDHI S,All India Anna Dravida Munnetra Kazhagam,80334,32.18
218,KOVILPATTI,843,422,0.22,194232,KARUNANITHI.K,Dravida Munnetra Kazhagam,61643,31.74,BALASUBRAMANIAN.S,Tamilaga Vettri Kazhagam,60800,31.3
75,VIKRAVANDI,910,455,0.22,209231,SIVAKUMAR C,Pattali Makkal Katchi,69727,33.33,VIJAI VADIVEL A,Tamilaga Vettri Kazhagam,68817,32.89
108,UDHAGAMANDALAM,976,488,0.33,148704,BHOJARAJAN.M,Bharatiya Janata Party,48488,32.61,IBRAHIM.R,Tamilaga Vettri Kazhagam,47512,31.95
172,PAPANASAM,1065,533,0.26,207723,A.M. SHAHJAHAN,Indian Union Muslim League,69284,33.35,AZARUDEEN UDUMAN ALI,Tamilaga Vettri Kazhagam,68219,32.84
132,DINDIGUL,1131,566,0.27,212024,SENTHILKUMAR. I.P,Dravida Munnetra Kazhagam,74489,35.13,NAZEER RAJA. G,Tamilaga Vettri Kazhagam,73358,34.6
216,SRIVAIKUNTAM,1186,593,0.34,176421,SARAVANAN. G,Tamilaga Vettri Kazhagam,58814,33.34,SHANMUGANATHAN. S. P,All India Anna Dravida Munnetra Kazhagam,57628,32.67
187,MANAMADURAI,1208,604,0.29,208643,ELANGOVAN.D,Tamilaga Vettri Kazhagam,69971,33.54,TAMILARASI.A,Dravida Munnetra Kazhagam,68763,32.96
105,ANTHIYUR,1260,630,0.34,185775,HARIBASKAR.P,All India Anna Dravida Munnetra Kazhagam,60042,32.32,SIVABALAN.M,Dravida Munnetra Kazhagam,58782,31.64
234,KILLIYOOR,1311,656,0.37,177534,RAJESH KUMAR. S,Indian National Congress,66434,37.42,SABIN. S,Tamilaga Vettri Kazhagam,65123,36.68
138,MANAPPARAI,1426,713,0.3,241216,R. KATHIRAVAN,Tamilaga Vettri Kazhagam,83041,34.43,DR. PL. VIJAYAKUMAR,All India Anna Dravida Munnetra Kazhagam,81615,33.83
181,THIRUMAYAM,1492,746,0.41,182612,REGUPATHY.S,Dravida Munnetra Kazhagam,58201,31.87,CHINTHAMANI.C,Tamilaga Vettri Kazhagam,56709,31.05
167,MANNARGUDI,1566,783,0.4,194100,KAMARAJ. S,Amma Makkal Munnettra Kazagam,68416,35.25,RAJAA.T.R.B,Dravida Munnetra Kazhagam,66850,34.44
197,USILAMPATTI,1805,903,0.4,224048,VIJAY. M,Tamilaga Vettri Kazhagam,65743,29.34,MAHENDRAN. I,All India Anna Dravida Munnetra Kazhagam,63938,28.54
135,KARUR,1821,911,0.42,216829,M.R. VIJAYABHASKAR,All India Anna Dravida Munnetra Kazhagam,71542,32.99,MATHIYALAGAN  V.P,Tamilaga Vettri Kazhagam,69721,32.15
180,PUDUKKOTTAI,1867,934,0.49,190378,V. MUTHURAJA,Dravida Munnetra Kazhagam,66825,35.1,K.M. SHARIFF,Tamilaga Vettri Kazhagam,64958,34.12
83,YERCAUD,2189,1095,0.43,253592,USHARANI. P,All India Anna Dravida Munnetra Kazhagam,87772,34.61,LAKSHMI JANARTHANAN. J,Tamilaga Vettri Kazhagam,85583,33.75
120,COIMBATORE (SOUTH),2271,1136,0.73,156499,V SENTHILBALAJI,Dravida Munnetra Kazhagam,59724,38.16,V. SENTHILKUMAR,Tamilaga Vettri Kazhagam,57453,36.71
77,ULUNDURPETTAI,2277,1139,0.42,271002,VASANTHAVEL G R,Dravida Munnetra Kazhagam,98471,36.34,KUMARAGURU R,All India Anna Dravida Munnetra Kazhagam,96194,35.5
164,KILVELUR,2278,1139,0.75,151637,LATHA. T,Communist Party of India (Marxist),56108,37.0,SENTHIL PANDIAN. P,Tamilaga Vettri Kazhagam,53830,35.5
152,VRIDDHACHALAM,2387,1194,0.57,209186,PREMALLATHA VIJAYAKANT,Desiya Murpokku Dravida Kazhagam,69351,33.15,VIJAY.S,Tamilaga Vettri Kazhagam,66964,32.01
100,MODAKKURICHI,2430,1215,0.64,190759,D.SHANMUGAN,Tamilaga Vettri Kazhagam,60715,31.83,S.KIRTHIKA,Bharatiya Janata Party,58285,30.55
63,TIRUVANNAMALAI,2455,1228,0.56,220066,VELU. E.V,Dravida Munnetra Kazhagam,88273,40.11,ARUL ARUMUGAM,Tamilaga Vettri Kazhagam,85818,39.0
157,BHUVANAGIRI,2487,1244,0.6,207310,ARUNMOZHITHEVAN . A,All India Anna Dravida Munnetra Kazhagam,75707,36.52,SARAVANAN. DURAI . K,Dravida Munnetra Kazhagam,73220,35.32
210,TIRUVADANAI,2513,1257,0.57,220278,RAJEEV,Tamilaga Vettri Kazhagam,69551,31.57,RM. KARUMANICKAM,Indian National Congress,67038,30.43
151,TITTAKUDI,2629,1315,0.75,175754,GANESAN C.V,Dravida Munnetra Kazhagam,63106,35.91,RAJASEKAR A,Tamilaga Vettri Kazhagam,60477,34.41
93,SENTHAMANGALAM,2655,1328,0.63,209687,P CHANDRASEKAR,Tamilaga Vettri Kazhagam,68815,32.82,C CHANDRASEKARAN,All India Anna Dravida Munnetra Kazhagam,66160,31.55
190,SHOLAVANDAN,2678,1339,0.71,189080,KARUPPAIAH.M.V,Tamilaga Vettri Kazhagam,63907,33.8,VENKATESAN.A,Dravida Munnetra Kazhagam,61229,32.38
188,MELUR,2724,1362,0.71,190726,P.VISWANATHAN,Indian National Congress,60080,31.5,A.MADURAIVEERAN,Tamilaga Vettri Kazhagam,57356,30.07
143,LALGUDI,2739,1370,0.74,185213,LEEMAROSE MARTIN,All India Anna Dravida Munnetra Kazhagam,60795,32.82,KU PA KRISHNAN,Tamilaga Vettri Kazhagam,58056,31.35
231,COLACHAL,2833,1417,0.71,199013,THARAHAI CUTHBERT,Indian National Congress,66207,33.27,PREM ALEX LAWRENCE,Tamilaga Vettri Kazhagam,63374,31.84
125,UDUMALAIPETTAI,2882,1441,0.71,203575,JAYAKUMAR M.,Dravida Munnetra Kazhagam,68549,33.67,RADHAKRISHNAN K.,All India Anna Dravida Munnetra Kazhagam,65667,32.26
130,NILAKKOTTAI,2925,1463,0.74,197593,AYYANAR.R,Tamilaga Vettri Kazhagam,68580,34.71,NAGAJOTHI.S,Dravida Munnetra Kazhagam,65655,33.23
47,VANIYAMBADI,2982,1491,0.7,212534,SYED FAROOQ BASHA SSB,Indian Union Muslim League,73181,34.43,SYED BHURHANUDEEN,Tamilaga Vettri Kazhagam,70199,33.03
177,PERAVURANI,3162,1581,0.9,176274,ASHOKKUMAR. N,Dravida Munnetra Kazhagam,60919,34.56,GOVI.ELANGO,All India Anna Dravida Munnetra Kazhagam,57757,32.77
58,PENNAGARAM,3165,1583,0.69,228666,GAJENDRAN. S.,Tamilaga Vettri Kazhagam,81240,35.53,SELVAM. V.,Pattali Makkal Katchi,78075,34.14
61,HARUR,3329,1665,0.76,220042,SAMPATHKUMAR. V,All India Anna Dravida Munnetra Kazhagam,75523,34.32,SHANMUGAM. A,Dravida Munnetra Kazhagam,72194,32.81
69,VANDAVASI,3333,1667,0.87,191204,AMBETHKUMAR. S,Dravida Munnetra Kazhagam,63805,33.37,RANI. P,All India Anna Dravida Munnetra Kazhagam,60472,31.63
79,SANKARAPURAM,3440,1720,0.73,235528,RAKESH R,All India Anna Dravida Munnetra Kazhagam,80250,34.07,UDHAYASURIYAN T,Dravida Munnetra Kazhagam,76810,32.61
136,KRISHNARAYAPURAM,3503,1752,0.93,189357,SATHYA. M,Tamilaga Vettri Kazhagam,62378,32.94,DR. DHIVYA. S,All India Anna Dravida Munnetra Kazhagam,58875,31.09
209,PARAMAKUDI,3548,1774,0.93,189753,ADVOCATE. KATHIRAVAN. K.K,Dravida Munnetra Kazhagam,59161,31.18,GOPIRAJAN. G,Tamilaga Vettri Kazhagam,55613,29.31
91,VEERAPANDI,4071,2036,0.86,235875,PALANIVEL. M.S,Tamilaga Vettri Kazhagam,79907,33.88,SRI BALAJI SUGUMAR. S,All India Anna Dravida Munnetra Kazhagam,75836,32.15
74,VILUPPURAM,4119,2060,0.96,215422,LAKSHMANAN R,Dravida Munnetra Kazhagam,72982,33.88,MOHANRAJ N,Tamilaga Vettri Kazhagam,68863,31.97
52,BARGUR,4241,2121,0.99,213960,E.C. GOVINDARASAN,All India Anna Dravida Munnetra Kazhagam,71240,33.3,E. MURALIDHARAN,Tamilaga Vettri Kazhagam,66999,31.31
107,BHAVANISAGAR,4569,2285,1.06,214595,V.P.TAMILSELVI,Tamilaga Vettri Kazhagam,72391,33.73,A.BANNARI,All India Anna Dravida Munnetra Kazhagam,67822,31.6
123,POLLACHI,4627,2314,1.28,181196,K. NITHYANANDHAN,Dravida Munnetra Kazhagam,62013,34.22,POLLACHI V. JAYARAMAN,All India Anna Dravida Munnetra Kazhagam,57386,31.67
140,TIRUCHIRAPPALLI (WEST),4786,2393,1.22,196347,K.N.NEHRU,Dravida Munnetra Kazhagam,88235,44.94,G.RAMAMOORTHI,Tamilaga Vettri Kazhagam,83449,42.5
116,SULUR,4790,2395,0.88,273544,NM.SUKUMAR,Tamilaga Vettri Kazhagam,90531,33.1,V.P.KANDASAMY,All India Anna Dravida Munnetra Kazhagam,85741,31.34
78,RISHIVANDIYAM,4862,2431,0.99,244795,KARTHIKEYAN K,Dravida Munnetra Kazhagam,89711,36.65,ASHOK KUMAR G,Tamilaga Vettri Kazhagam,84849,34.66
207,ARUPPUKKOTTAI,4943,2472,1.39,178413,RAMACHANDRAN. K.K.S.S.R,Dravida Munnetra Kazhagam,65104,36.49,KARTHIK KUMAR. K,Tamilaga Vettri Kazhagam,60161,33.72
51,UTHANGARAI,5198,2599,1.26,205530,N ELAIYARAJA,Tamilaga Vettri Kazhagam,70201,34.16,T M  TAMILSELVAM,All India Anna Dravida Munnetra Kazhagam,65003,31.63
56,THALLI,5240,2620,1.27,205878,RAMACHANDRAN. T,Communist Party of India,78283,38.02,DR.NAGESH KUMAR. C,Bharatiya Janata Party,73043,35.48
67,ARANI,5631,2816,1.22,230162,JAYASUDHA. L,All India Anna Dravida Munnetra Kazhagam,76735,33.34,MAHALAKSHMI GOVARTHANAN,Dravida Munnetra Kazhagam,71104,30.89
34,CHEYYUR,5668,2834,1.51,187584,RAJASEKAR. E,All India Anna Dravida Munnetra Kazhagam,63809,34.02,MOHAN RAJA.M.G.K,Tamilaga Vettri Kazhagam,58141,30.99
39,SHOLINGUR,5686,2843,1.22,233684,G.KAPIL,Tamilaga Vettri Kazhagam,84506,36.16,K.SARAVANAN,Pattali Makkal Katchi,78820,33.73
158,CHIDAMBARAM,5747,2874,1.46,196586,THAMIMUN ANSARI. M,Dravida Munnetra Kazhagam,69739,35.48,PANDIAN. K.A,All India Anna Dravida Munnetra Kazhagam,63992,32.55
41,RANIPET,5787,2894,1.31,221038,THAHIRA,Tamilaga Vettri Kazhagam,91149,41.24,R. GANDHI,Dravida Munnetra Kazhagam,85362,38.62
3,TIRUTTANI,5793,2897,1.21,238798,G.HARI,All India Anna Dravida Munnetra Kazhagam,89169,37.34,M.SATHYA KUMAR,Tamilaga Vettri Kazhagam,83376,34.91
40,KATPADI,5870,2935,1.44,203497,DR M SUDHAKAR,Tamilaga Vettri Kazhagam,69868,34.33,V. RAMU,All India Anna Dravida Munnetra Kazhagam,63998,31.45
215,TIRUCHENDUR,5872,2936,1.58,186050,ANITHA R. RADHAKRISHNAN,Dravida Munnetra Kazhagam,72723,39.09,J. MURUGAN,Tamilaga Vettri Kazhagam,66851,35.93
204,SATTUR,5989,2995,1.51,198734,KADARKARAIRAJ. A,Dravida Munnetra Kazhagam,62060,31.23,NAINAR NAGENTHRAN,Bharatiya Janata Party,56071,28.21
221,KADAYANALLUR,6253,3127,1.41,221951,RAJENDRAN. T. M,Dravida Munnetra Kazhagam,79832,35.97,C. KRISHNAMURALI,All India Anna Dravida Munnetra Kazhagam,73579,33.15
219,SANKARANKOVIL,6489,3245,1.65,196480,DR. DHILIPAN JAISHANKAR,All India Anna Dravida Munnetra Kazhagam,64865,33.01,C. RAMARAJAN,Tamilaga Vettri Kazhagam,58376,29.71
220,VASUDEVANALLUR,6583,3292,1.73,189795,E. RAJA,Dravida Munnetra Kazhagam,63045,33.22,ANANTHAN AYYASAMY,Bharatiya Janata Party,56462,29.75
43,VELLORE,6777,3389,1.78,190527,M.M.VINOTH KANNAN,Tamilaga Vettri Kazhagam,73032,38.33,P.KARTHIKEYAN,Dravida Munnetra Kazhagam,66255,34.77
200,BODINAYAKANUR,6805,3403,1.54,220628,PANNEERSELVAM.O,Dravida Munnetra Kazhagam,85206,38.62,PRAKASH.S,Tamilaga Vettri Kazhagam,78401,35.54
73,VANUR,7034,3517,1.83,192119,GOWTHAM D,Dravida Munnetra Kazhagam,68873,35.85,SURESH P,Tamilaga Vettri Kazhagam,61839,32.19
44,ANAIKATTU,7081,3541,1.64,216318,D.VELAZHAGAN,All India Anna Dravida Munnetra Kazhagam,76302,35.27,A.P.NANDAKUMAR,Dravida Munnetra Kazhagam,69221,32.0
48,AMBUR,7131,3566,1.82,195584,VILWANATHAN. A.C.,Dravida Munnetra Kazhagam,74102,37.89,IMTHIYAZ PANDARATTUDU ABDU,Tamilaga Vettri Kazhagam,66971,34.24
19,CHEPAUK-THIRUVALLIKENI,7140,3570,2.54,140741,UDHAYANIDHI STALIN,Dravida Munnetra Kazhagam,62992,44.76,SELVAM. D,Tamilaga Vettri Kazhagam,55852,39.68
35,MADURANTAKAM,7194,3597,1.81,198251,MARAGATHAM KUMARAVEL.K,All India Anna Dravida Munnetra Kazhagam,69284,34.95,EZHIL KATHARINE EZHILMALAI,Tamilaga Vettri Kazhagam,62090,31.32
165,VEDARANYAM,7331,3666,2.26,162216,MANIAN. O.S,All India Anna Dravida Munnetra Kazhagam,59172,36.48,PUGAZHENDI. M,Dravida Munnetra Kazhagam,51841,31.96
104,BHAVANI,7396,3698,1.78,208323,KARUPPANAN. K.C,All India Anna Dravida Munnetra Kazhagam,75577,36.28,BALAKRISHNAN,Tamilaga Vettri Kazhagam,68181,32.73
230,NAGERCOIL,7570,3785,1.93,196280,AUSTIN,Dravida Munnetra Kazhagam,69880,35.6,BERVIN KINGS G,Tamilaga Vettri Kazhagam,62310,31.75
156,KURINJIPADI,7589,3795,1.77,213965,M.R.K.PANNEERSELVAM,Dravida Munnetra Kazhagam,76695,35.84,A  BHUVANENTHIRAN,All India Anna Dravida Munnetra Kazhagam,69106,32.3
97,KUMARAPALAYAM,7696,3848,1.87,205324,C.VIJAYALAKSHMI,Tamilaga Vettri Kazhagam,81179,39.54,P.THANGAMANI,All India Anna Dravida Munnetra Kazhagam,73483,35.79
111,METTUPPALAYAM,7768,3884,1.59,244319,SUNILANAND,Tamilaga Vettri Kazhagam,75664,30.97,SMT.KAVITHA KALYANASUNDARAM,Dravida Munnetra Kazhagam,67896,27.79
223,ALANGULAM,7798,3899,1.77,220857,PAUL MANOJ PANDIAN,Dravida Munnetra Kazhagam,69170,31.32,K R P PRABAKARAN,All India Anna Dravida Munnetra Kazhagam,61372,27.79
110,COONOOR,8099,4050,2.86,141394,M. RAJU,Dravida Munnetra Kazhagam,50470,35.69,A. RAMU,All India Anna Dravida Munnetra Kazhagam,42371,29.97
102,KANGAYAM,8133,4067,2.0,203534,NSN NATARAJ,All India Anna Dravida Munnetra Kazhagam,71122,34.94,MANI GOUNDER,Tamilaga Vettri Kazhagam,62989,30.95
213,VILATHIKULAM,8228,4114,2.35,174814,MARKANDAYAN G V,Dravida Munnetra Kazhagam,58395,33.4,P. KASIRAM,Tamilaga Vettri Kazhagam,50167,28.7
162,POOMPUHAR,8260,4130,1.88,219324,NIVEDHA M MURUGAN,Dravida Munnetra Kazhagam,81096,36.98,PAVUNRAJ. S,All India Anna Dravida Munnetra Kazhagam,72836,33.21
173,THIRUVAIYARU,8555,4278,1.93,222111,DURAI. CHANDRASEKARAN,Dravida Munnetra Kazhagam,80425,36.21,MATHI. MANIKANDAN,Tamilaga Vettri Kazhagam,71870,32.36
203,SRIVILLIPUTHUR,8581,4291,2.22,193471,KARTHIK.A,Tamilaga Vettri Kazhagam,65653,33.93,MAHALINGAM.P,Communist Party of India,57072,29.5
142,THIRUVERUMBUR,8705,4353,2.04,213583,VIJAYAKUMAR (A) NAVALPATTU S. VIJI,Tamilaga Vettri Kazhagam,89837,42.06,ANBIL MAHESH POYYAMOZHI,Dravida Munnetra Kazhagam,81132,37.99
13,KOLATHUR,8795,4398,2.39,184051,V. S. BABU,Tamilaga Vettri Kazhagam,82997,45.09,M. K. STALIN,Dravida Munnetra Kazhagam,74202,40.32
124,VALPARAI,9371,4686,3.12,150431,KUTTY (ALIAS) SUDHAKAR. A,Dravida Munnetra Kazhagam,54671,36.34,DR. SRIDHARAN. A,Tamilaga Vettri Kazhagam,45300,30.11
206,VIRUDHUNAGAR,9391,4696,2.8,167832,SELVAM P,Tamilaga Vettri Kazhagam,63653,37.93,VIJAYAPRABHAKAR,Desiya Murpokku Dravida Kazhagam,54262,32.33
87,SANKARI,9517,4759,1.95,243779,VETRIVEL. S,All India Anna Dravida Munnetra Kazhagam,87342,35.83,SENTHILKUMAR. K,Tamilaga Vettri Kazhagam,77825,31.92
198,ANDIPATTI,9554,4777,2.2,217329,MAHARAJAN.A,Dravida Munnetra Kazhagam,74324,34.2,PANDI.V,Tamilaga Vettri Kazhagam,64770,29.8
146,THURAIYUR,9614,4807,2.61,184426,RAVISANKAR.M,Tamilaga Vettri Kazhagam,66263,35.93,E.SAROJA,All India Anna Dravida Munnetra Kazhagam,56649,30.72
103,PERUNDURAI,9693,4847,2.42,200686,JAYAKUMAR. S,All India Anna Dravida Munnetra Kazhagam,70302,35.03,THOPPU VENKATACHALAM (ALIAS) N.D. VENKATACHALAM,Dravida Munnetra Kazhagam,60609,30.2
163,NAGAPATTINAM,9781,4891,3.23,151326,M.H.JAWAHIRULLAH,Dravida Munnetra Kazhagam,56305,37.21,M.SUGUMAR,Tamilaga Vettri Kazhagam,46524,30.74
183,ARANTHANGI,10062,5031,2.75,182730,MOHAMED FARVAS. J,Tamilaga Vettri Kazhagam,73244,40.08,RAMACHANDRAN . T,Indian National Congress,63182,34.58
133,VEDASANDUR,10063,5032,2.22,226554,SAMINATHAN. T,Dravida Munnetra Kazhagam,84948,37.5,PARAMASIVAM. V.P.B.,All India Anna Dravida Munnetra Kazhagam,74885,33.05
46,GUDIYATTAM,10097,5049,2.2,229076,K.SINDU,Tamilaga Vettri Kazhagam,82858,36.17,K.B.PRADAP,Desiya Murpokku Dravida Kazhagam,72761,31.76
225,AMBASAMUDRAM,10245,5123,2.68,191195,DR.ESAKKI SUBAYA,All India Anna Dravida Munnetra Kazhagam,65589,34.3,V.P.DURAI,Indian National Congress,55344,28.95
222,TENKASI,10299,5150,2.19,234987,DR.KALAI KATHIRAVAN,Dravida Munnetra Kazhagam,79699,33.92,S.SELVA MOHANDAS PANDIAN,All India Anna Dravida Munnetra Kazhagam,69400,29.53
202,RAJAPALAYAM,10605,5303,2.9,183020,JEGADESHWARI. K,Tamilaga Vettri Kazhagam,65548,35.81,THANGAPANDIAN. S,Dravida Munnetra Kazhagam,54943,30.02
154,PANRUTI,10663,5332,2.53,210767,MOHAN. K,All India Anna Dravida Munnetra Kazhagam,78398,37.2,ABDUR RAHMAN. A.R,Viduthalai Chiruthaigal Katchi,67735,32.14
16,EGMORE,10804,5402,4.51,119738,RAJMOHAN,Tamilaga Vettri Kazhagam,53901,45.02,TAMILAN PRASANNA,Dravida Munnetra Kazhagam,43097,35.99
161,MAYILADUTHURAI,10845,5423,2.88,188461,JAMAL MOHAMED YOUNOOS. Y.N,Indian National Congress,68011,36.09,PALANISAMY. A   M.COM.,Pattali Makkal Katchi,57166,30.33
153,NEYVELI,10962,5481,3.25,168780,RAJENDRAN.R,All India Anna Dravida Munnetra Kazhagam,63731,37.76,SABA.RAJENDRAN,Dravida Munnetra Kazhagam,52769,31.26
94,NAMAKKAL,11008,5504,2.59,212283,DILIP C S,Tamilaga Vettri Kazhagam,79744,37.56,SRIDEVI MOHAN P S,All India Anna Dravida Munnetra Kazhagam,68736,32.38
178,GANDHARVAKOTTAI,11039,5520,3.29,167618,N. SUBRAMANIAN,Tamilaga Vettri Kazhagam,58795,35.08,C. UTHAYAKUMAR,Bharatiya Janata Party,47756,28.49
224,TIRUNELVELI,11414,5707,2.61,218425,MURUGHAN.R.S.,Tamilaga Vettri Kazhagam,75840,34.72,SUBRAMANIAN.S,Dravida Munnetra Kazhagam,64426,29.5
160,SIRKAZHI,11417,5709,2.85,200448,SENTHILSELVAN.R,Dravida Munnetra Kazhagam,71449,35.64,SAKTHI.M,All India Anna Dravida Munnetra Kazhagam,60032,29.95
205,SIVAKASI,11670,5835,3.02,193517,KEERTHANA S,Tamilaga Vettri Kazhagam,68709,35.51,ASHOKAN G,Indian National Congress,57039,29.47
122,KINATHUKADAVU,11710,5855,2.19,267917,VIGNESH K,Tamilaga Vettri Kazhagam,99950,37.31,SABARI KARTHIKEYAN K.V.K.S,Dravida Munnetra Kazhagam,88240,32.94
18,HARBOUR,11750,5875,5.9,99622,P K SEKARBABU,Dravida Munnetra Kazhagam,45254,45.43,SINORA P S ASHOK,Tamilaga Vettri Kazhagam,33504,33.63
131,NATHAM,11869,5935,2.48,239140,NATHAM VISWANATHAN R,All India Anna Dravida Munnetra Kazhagam,85708,35.84,SELVAKUMAR K,Dravida Munnetra Kazhagam,73839,30.88
194,MADURAI WEST,11931,5966,2.76,216403,THANGAPANDI SR,Tamilaga Vettri Kazhagam,88250,40.78,BALAJI R,Dravida Munnetra Kazhagam,76319,35.27
228,RADHAPURAM,12313,6157,3.08,199931,DR.SATHISH CHRISTOPHER,Tamilaga Vettri Kazhagam,69947,34.99,APPAVU.M,Dravida Munnetra Kazhagam,57634,28.83
144,MANACHANALLUR,12364,6182,2.95,209780,KATHIRAVAN. S,Dravida Munnetra Kazhagam,81447,38.82,V.SARAVANAN,Tamilaga Vettri Kazhagam,69083,32.93
211,RAMANATHAPURAM,12459,6230,2.62,237576,KATHARBATCHA MUTHURAMALINGAM,Dravida Munnetra Kazhagam,89137,37.52,SHAHUL HAMEED,Tamilaga Vettri Kazhagam,76678,32.28
70,GINGEE,12645,6323,2.92,216652,GANESHKUMAR A,Pattali Makkal Katchi,78201,36.1,GINGEE MASTHAN K S,Dravida Munnetra Kazhagam,65556,30.26
114,TIRUPPUR (SOUTH),12901,6451,3.59,179814,BALAMURUGAN. S,Tamilaga Vettri Kazhagam,73793,41.04,DINESHKUMAR. N,Dravida Munnetra Kazhagam,60892,33.86
166,THIRUTHURAIPOONDI,12922,6461,3.38,191030,MARIMUTHU.K,Communist Party of India,74062,38.77,PANDIYAN.S,Tamilaga Vettri Kazhagam,61140,32.01
182,ALANGUDI,12977,6489,3.6,180483,SIVA.V.MEYYANATHAN,Dravida Munnetra Kazhagam,64929,35.98,KANDASAMY,Tamilaga Vettri Kazhagam,51952,28.78
24,THIYAGARAYANAGAR,13027,6514,4.86,133928,ANAND N,Tamilaga Vettri Kazhagam,51632,38.55,SATHIYANARAYANAN B,All India Anna Dravida Munnetra Kazhagam,38605,28.83
62,CHENGAM,13278,6639,2.73,242897,S.VELU,All India Anna Dravida Munnetra Kazhagam,87802,36.15,K BHARATHIDHASAN,Tamilaga Vettri Kazhagam,74524,30.68
208,TIRUCHULI,13485,6743,3.72,181250,THANGAM THENARASU,Dravida Munnetra Kazhagam,75085,41.43,SAMAYAN.S,Tamilaga Vettri Kazhagam,61600,33.99
176,PATTUKKOTTAI,13754,6877,3.74,183745,ANNADURAI K,Dravida Munnetra Kazhagam,65963,35.9,MATHAN C,Tamilaga Vettri Kazhagam,52209,28.41
226,PALAYAMKOTTAI,13805,6903,3.82,180620,M.ABDUL WAHAB,Dravida Munnetra Kazhagam,79744,44.15,MARIA JOHN,Tamilaga Vettri Kazhagam,65939,36.51
89,SALEM (NORTH),14034,7017,3.33,210712,SIVAKUMAR. K,Tamilaga Vettri Kazhagam,85710,40.68,RAJENDRAN. R,Dravida Munnetra Kazhagam,71676,34.02
170,THIRUVIDAIMARUDUR,14116,7058,3.38,208944,GOVI.CHEZHIAAN,Dravida Munnetra Kazhagam,79951,38.26,S.PRABAKARAN,Tamilaga Vettri Kazhagam,65835,31.51
36,UTHIRAMERUR,14223,7112,3.12,227765,MUNIRATHINAM.J,Tamilaga Vettri Kazhagam,84917,37.28,SUNDAR.K,Dravida Munnetra Kazhagam,70694,31.04
17,ROYAPURAM,14249,7125,5.59,127356,K.V. VIJAY DAMU,Tamilaga Vettri Kazhagam,59091,46.4,DR. A. SUBAIR KHAN,Dravida Munnetra Kazhagam,44842,35.21
147,PERAMBALUR,14393,7197,2.84,253654,SIVAKUMAR. K,Tamilaga Vettri Kazhagam,90882,35.83,DR. JAYALAKSHMI. S.T,Dravida Munnetra Kazhagam,76489,30.15
81,GANGAVALLI,14404,7202,3.66,196679,NALLATHAMBI. A,All India Anna Dravida Munnetra Kazhagam,73167,37.2,CHINNADURAI. K,Dravida Munnetra Kazhagam,58763,29.88
92,RASIPURAM,14511,7256,3.55,204680,LOGESH TAMILSELVAN D,Tamilaga Vettri Kazhagam,74808,36.55,PREMKUMAR S D,Bharatiya Janata Party,60297,29.46
84,OMALUR,14539,7270,2.68,271119,MANI. R,All India Anna Dravida Munnetra Kazhagam,112246,41.4,ADHIYAMAAN. R.V,Tamilaga Vettri Kazhagam,97707,36.04
119,THONDAMUTHUR,14725,7363,2.85,258549,S.P.VELUMANI,All India Anna Dravida Munnetra Kazhagam,93316,36.09,SATHISH RAJU (ALIAS) K.P.R. SATHISH,Tamilaga Vettri Kazhagam,78591,30.4
186,SIVAGANGA,15081,7541,3.52,214067,KULANTHAI RANI A,Tamilaga Vettri Kazhagam,73737,34.45,SENTHILNATHAN PR,All India Anna Dravida Munnetra Kazhagam,58656,27.4
20,THOUSAND LIGHTS,15141,7571,5.74,131824,PRABHAKAR.J.C.D,Tamilaga Vettri Kazhagam,58965,44.73,EZHILAN NAGANATHAN,Dravida Munnetra Kazhagam,43824,33.24
82,ATTUR,15318,7659,3.68,208296,JAYASANKARAN. A.P.,All India Anna Dravida Munnetra Kazhagam,80843,38.81,SELVABHARATHI. R.,Tamilaga Vettri Kazhagam,65525,31.46
112,AVANASHI,15373,7687,3.32,231600,KAMALI.S,Tamilaga Vettri Kazhagam,84209,36.36,DR. L. MURUGAN,Bharatiya Janata Party,68836,29.72
37,KANCHEEPURAM,15488,7744,3.14,246317,R.V. RANJITHKUMAR,Tamilaga Vettri Kazhagam,91350,37.09,V. SOMASUNDARAM,All India Anna Dravida Munnetra Kazhagam,75862,30.8
155,CUDDALORE,15519,7760,4.08,190378,B.RAJKUMAR,Tamilaga Vettri Kazhagam,70856,37.22,A.S.CHANDARASEKARAN,Indian National Congress,55337,29.07
148,KUNNAM,15557,7779,3.37,230570,SIVASANKAR. S.S,Dravida Munnetra Kazhagam,87237,37.84,SARANYA. A,All India Anna Dravida Munnetra Kazhagam,71680,31.09
232,PADMANABHAPURAM,15569,7785,4.31,180555,CHELLASWAMY. R,Communist Party of India (Marxist),68938,38.18,KRISHNA KUMAR. S,Tamilaga Vettri Kazhagam,53369,29.56
126,MADATHUKULAM,15968,7984,4.24,188249,R JAYARAMAKRISHNAN,Dravida Munnetra Kazhagam,70458,37.43,C SHANMUGAVELU,Amma Makkal Munnettra Kazagam,54490,28.95
49,JOLARPET,16083,8042,3.77,213042,VEERAMANI K.C.,All India Anna Dravida Munnetra Kazhagam,78633,36.91,MUNISAMY C,Tamilaga Vettri Kazhagam,62550,29.36
227,NANGUNERI,16419,8210,3.92,209419,REDDIARPATTI V. NARAYANAN,Tamilaga Vettri Kazhagam,74952,35.79,RUBY.R.MANOHARAN,Indian National Congress,58533,27.95
189,MADURAI EAST,16547,8274,3.05,271566,KARTHIKEYAN S,Tamilaga Vettri Kazhagam,118777,43.74,MOORTHY P,Dravida Munnetra Kazhagam,102230,37.64
212,MUDHUKULATHUR,16598,8299,3.59,231373,R.S.RAJAKANNAPPAN,Dravida Munnetra Kazhagam,68003,29.39,MALARVIZHI. B,Tamilaga Vettri Kazhagam,51405,22.22
106,GOBICHETTIPALAYAM,16620,8310,3.78,219727,SENGOTTAIYAN.K.A,Tamilaga Vettri Kazhagam,82612,37.6,NALLASIVAM.N,Dravida Munnetra Kazhagam,65992,30.03
101,DHARAPURAM,16727,8364,4.18,199944,SATHYABAMA.P,All India Anna Dravida Munnetra Kazhagam,81100,40.56,INDIRANI.T,Dravida Munnetra Kazhagam,64373,32.2
174,THANJAVUR,16955,8478,4.26,198798,R. VIJAYSARAVANAN,Tamilaga Vettri Kazhagam,87705,44.12,SHAN. RAMANATHAN,Dravida Munnetra Kazhagam,70750,35.59
14,VILLIVAKKAM,17302,8651,6.12,141452,AADHAV ARJUNA,Tamilaga Vettri Kazhagam,66445,46.97,KARTHIK MOHAN,Dravida Munnetra Kazhagam,49143,34.74
145,MUSIRI,17442,8721,4.61,189141,M.VIGNESH,Tamilaga Vettri Kazhagam,71281,37.69,N.S.KARUNAIRAAJA,Dravida Munnetra Kazhagam,53839,28.47
191,MADURAI NORTH,18038,9019,5.57,161801,A.KALLANAI,Tamilaga Vettri Kazhagam,72853,45.03,G.THALAPATHI,Dravida Munnetra Kazhagam,54815,33.88
168,THIRUVARUR,18148,9074,4.16,217875,KALAIVANAN POONDI  K,Dravida Munnetra Kazhagam,93408,42.87,VEERAMANI V,Tamilaga Vettri Kazhagam,75260,34.54
150,JAYANKONDAM,18490,9245,4.05,228548,VAITHILINGAM G.,Pattali Makkal Katchi,88992,38.94,KANNAN KA.SO.KA.,Dravida Munnetra Kazhagam,70502,30.85
53,KRISHNAGIRI,18844,9422,4.09,230181,MUKUNDHAN.P,Tamilaga Vettri Kazhagam,89374,38.83,ASHOKKUMAR.K,All India Anna Dravida Munnetra Kazhagam,70530,30.64
85,METTUR,19105,9553,4.13,231105,VENKATACHALAM. G,All India Anna Dravida Munnetra Kazhagam,86498,37.43,MIDHUN CHAKRAVARTHY. M,Dravida Munnetra Kazhagam,67393,29.16
193,MADURAI CENTRAL,19128,9564,6.44,148586,MADHAR BADHURUDEEN,Tamilaga Vettri Kazhagam,63414,42.68,PALANIVEL THIAGA RAJAN,Dravida Munnetra Kazhagam,44286,29.8
121,SINGANALLUR,19139,9570,4.33,221033,K.S.SRI GIRI PRASATH,Tamilaga Vettri Kazhagam,84163,38.08,V.SRINIDHI,Indian National Congress,65024,29.42
199,PERIYAKULAM,19321,9661,4.57,211209,SABARI IYNGARAN G.,Tamilaga Vettri Kazhagam,85656,40.56,SAKTHIVEL P.,Viduthalai Chiruthaigal Katchi,66335,31.41
134,ARAVAKURICHI,19382,9691,5.35,181078,ELANGO. R,Dravida Munnetra Kazhagam,70827,39.11,KARTHIKEYAN. P,Tamilaga Vettri Kazhagam,51445,28.41
45,KILVAITHINANKUPPAM,20255,10128,5.33,189892,THENRAL KUMAR. E,Tamilaga Vettri Kazhagam,74305,39.13,JEGAN MOORTHY. M,All India Anna Dravida Munnetra Kazhagam,54050,28.46
59,DHARMAPURI,20896,10448,4.38,238579,SOWMIYA ANBUMANI,Pattali Makkal Katchi,93713,39.28,SIVAN. M.,Tamilaga Vettri Kazhagam,72817,30.52
233,VILAVANCODE,20970,10485,5.99,174927,PRAVEEN T.T,Indian National Congress,70755,40.45,MICHAEL KUMAR K,Tamilaga Vettri Kazhagam,49785,28.46
68,CHEYYAR,21081,10541,4.74,222570,MUKKUR N. SUBRAMANIAN,All India Anna Dravida Munnetra Kazhagam,86680,38.95,DUSI K MOHAN,Tamilaga Vettri Kazhagam,65599,29.47
21,ANNA NAGAR,21363,10682,6.54,163339,V.K.RAMKUMAR,Tamilaga Vettri Kazhagam,71375,43.7,N.CHITRARASU,Dravida Munnetra Kazhagam,50012,30.62
192,MADURAI SOUTH,21529,10765,7.61,141503,M.M.GOPISON,Tamilaga Vettri Kazhagam,62415,44.11,M.BOOMINATHAN,Dravida Munnetra Kazhagam,40886,28.89
118,COIMBATORE (NORTH),21992,10996,4.86,226109,V. SAMPATHKUMAR,Tamilaga Vettri Kazhagam,92500,40.91,DURAI. SENTHAMIL SELVAN B.E,Dravida Munnetra Kazhagam,70508,31.18
99,ERODE (WEST),22250,11125,5.02,221400,ANANTH MOGHAN K.K.,Tamilaga Vettri Kazhagam,96836,43.74,S. MUTHUSAMY,Dravida Munnetra Kazhagam,74586,33.69
15,THIRU-VI-KA-NAGAR,22333,11167,7.76,143903,M. R. PALLAVI,Tamilaga Vettri Kazhagam,69125,48.04,K. S. RAVICHANDRAN,Dravida Munnetra Kazhagam,46792,32.52
129,ATHOOR,22368,11184,4.72,237183,I. PERIASAMY,Dravida Munnetra Kazhagam,106240,44.79,N. KALAISELVI,Tamilaga Vettri Kazhagam,83872,35.36
109,GUDALUR,22833,11417,7.55,151241,DHRAVIDAMANI.M,Dravida Munnetra Kazhagam,65590,43.37,PON.JAYASEELAN,All India Anna Dravida Munnetra Kazhagam,42757,28.27
38,ARAKKONAM,23121,11561,6.34,182340,V. GANDHIRAJ,Tamilaga Vettri Kazhagam,73776,40.46,EZHIL CAROLINE,Viduthalai Chiruthaigal Katchi,50655,27.78
196,THIRUMANGALAM,23807,11904,5.15,230980,MANIMARAN.M,Dravida Munnetra Kazhagam,88291,38.22,UDHAYAKUMAR.R.B,All India Anna Dravida Munnetra Kazhagam,64484,27.92
98,ERODE (EAST),23966,11983,7.38,162453,M.VIJAY BALAJI,Tamilaga Vettri Kazhagam,69747,42.93,GOPINATH PALANIYAPPAN,Indian National Congress,45781,28.18
149,ARIYALUR,24498,12249,5.19,235858,RAJENDRAN S,All India Anna Dravida Munnetra Kazhagam,95219,40.37,LATHA BALU,Dravida Munnetra Kazhagam,70721,29.98
4,THIRUVALLUR,24760,12380,5.47,226428,DR. T. ARUNKUMAR,Tamilaga Vettri Kazhagam,92190,40.71,V.G. RAAJENDRAN,Dravida Munnetra Kazhagam,67430,29.78
65,KALASAPAKKAM,26740,13370,6.24,214127,AGRI KRISHNAMURTHY. S S,All India Anna Dravida Munnetra Kazhagam,89629,41.86,SARAVANAN. P.S.T,Dravida Munnetra Kazhagam,62889,29.37
22,VIRUGAMPAKKAM,27086,13543,7.84,172831,SABARINATHAN.R,Tamilaga Vettri Kazhagam,76092,44.03,PRABHAKARA RAJA.A.M.V,Dravida Munnetra Kazhagam,49006,28.35
141,TIRUCHIRAPPALLI (EAST),27416,13708,7.51,182493,C. JOSEPH VIJAY,Tamilaga Vettri Kazhagam,91381,50.07,S. INIGO IRUDAYARAJ,Dravida Munnetra Kazhagam,63965,35.05
55,HOSUR,27803,13902,5.0,277770,BALAKRISHNAREDDY. P,All India Anna Dravida Munnetra Kazhagam,109867,39.55,VENDARKARASAN.S,Tamilaga Vettri Kazhagam,82064,29.54
1,GUMMIDIPOONDI,27945,13973,6.01,232522,S.VIJAYAKUMAR,Tamilaga Vettri Kazhagam,94320,40.56,SUDHAKAR.V,All India Anna Dravida Munnetra Kazhagam,66375,28.55
96,TIRUCHENGODU,28172,14086,7.37,191122,ARUNRAJ K G,Tamilaga Vettri Kazhagam,79500,41.6,SRMT SEKAR (A) CHANDRASEKAR R,All India Anna Dravida Munnetra Kazhagam,51328,26.86
23,SAIDAPET,28514,14257,8.89,160401,ARUL PRAKASAM. M,Tamilaga Vettri Kazhagam,81205,50.63,SUBRAMANIAN. MA,Dravida Munnetra Kazhagam,52691,32.85
25,MYLAPORE,28972,14486,9.62,150594,VENKATARAMANAN. P,Tamilaga Vettri Kazhagam,70070,46.53,VELU. DHA,Dravida Munnetra Kazhagam,41098,27.29
217,OTTAPIDARAM,29083,14542,7.41,196117,P .MATHANRAJA,Tamilaga Vettri Kazhagam,81625,41.62,P.M.RAMAJEYAM,Dravida Munnetra Kazhagam,52542,26.79
28,ALANDUR,29609,14805,5.66,261570,M.HARISH,Tamilaga Vettri Kazhagam,112205,42.9,T.M.ANBARASAN,Dravida Munnetra Kazhagam,82596,31.58
71,MAILAM,30041,15021,7.94,189221,SHANMUGAM C VE,All India Anna Dravida Munnetra Kazhagam,82353,43.52,VIJAY NIRANJAN A,Tamilaga Vettri Kazhagam,52312,27.65
64,KILPENNATHUR,30465,15233,6.93,219790,RAMACHANDRAN.S,All India Anna Dravida Munnetra Kazhagam,90503,41.18,PITCHANDI.K,Dravida Munnetra Kazhagam,60038,27.32
159,KATTUMANNARKOIL,33063,16532,8.8,187905,L.E. JOTHIMANI,Viduthalai Chiruthaigal Katchi,85179,45.33,A. SOZHAN,Pattali Makkal Katchi,52116,27.74
60,PAPPIREDDIPATTI,33114,16557,7.0,236621,MARAGATHAM VETRIVEL,All India Anna Dravida Munnetra Kazhagam,101829,43.03,PALANIAPPAN. P,Dravida Munnetra Kazhagam,68715,29.04
26,VELACHERY,33305,16653,9.01,184815,KUMAR. R,Tamilaga Vettri Kazhagam,80430,43.52,ASHOK. M.K,All India Anna Dravida Munnetra Kazhagam,47125,25.5
90,SALEM (SOUTH),33369,16685,8.03,207902,VIJAY TAMILAN PARTHIBAN. A,Tamilaga Vettri Kazhagam,91371,43.95,LOGANATHAN. M,Dravida Munnetra Kazhagam,58002,27.9
139,SRIRANGAM,33590,16795,6.59,254985,RAMESH,Tamilaga Vettri Kazhagam,103235,40.49,S. DURAIRAJ,Dravida Munnetra Kazhagam,69645,27.31
175,ORATHANADU,35028,17514,8.97,195304,R. VAITHILINGAM,Dravida Munnetra Kazhagam,86759,44.42,DR. K. ARVIND,Tamilaga Vettri Kazhagam,51731,26.49
31,TAMBARAM,35621,17811,6.39,278809,D.SARATHKUMAR,Tamilaga Vettri Kazhagam,118967,42.67,R.S.KIRUTHIKA DEVI,Dravida Munnetra Kazhagam,83346,29.89
32,CHENGALPATTU,35641,17821,5.5,324010,S. THIYAGARAJAN,Tamilaga Vettri Kazhagam,137136,42.32,KARTHIKDHANDAPANI,Dravida Munnetra Kazhagam,101495,31.32
214,THOOTHUKKUDI,37731,18866,9.22,204712,SRINATH,Tamilaga Vettri Kazhagam,100536,49.11,P. GEETHA JEEVAN,Dravida Munnetra Kazhagam,62805,30.68
115,PALLADAM,37897,18949,6.3,301014,K.RAMKUMAR,Tamilaga Vettri Kazhagam,121297,40.3,K.P.PARAMASIVAM,All India Anna Dravida Munnetra Kazhagam,83400,27.71
57,PALACODU,39042,19521,8.67,225257,ANBALAGAN. K.P.,All India Anna Dravida Munnetra Kazhagam,102807,45.64,GOPI. R.,Tamilaga Vettri Kazhagam,63765,28.31
33,THIRUPORUR,39351,19676,7.5,262409,B.VIJAYARAJ,Tamilaga Vettri Kazhagam,110095,41.96,R. PANNEERDOSS,Viduthalai Chiruthaigal Katchi,70744,26.96
195,THIRUPARANKUNDRAM,41553,20777,8.13,255466,NIRMALKUMAR. R.,Tamilaga Vettri Kazhagam,114316,44.75,KIRUTHIGA THANGAPANDI,Dravida Munnetra Kazhagam,72763,28.48
169,NANNILAM,41724,20862,9.01,231444,KAMARAJ. R,All India Anna Dravida Munnetra Kazhagam,103462,44.7,MOHAMED MUBARAK,Dravida Munnetra Kazhagam,61738,26.68
117,KAVUNDAMPALAYAM,42140,21070,5.79,363991,KANIMOZHI SANTHOSH,Tamilaga Vettri Kazhagam,146466,40.24,ARUNKUMAR PRG,All India Anna Dravida Munnetra Kazhagam,104326,28.66
42,ARCOT,42720,21360,9.46,225786,S.M.SUKUMAR,All India Anna Dravida Munnetra Kazhagam,105608,46.77,G.VIJAY MOHAN,Tamilaga Vettri Kazhagam,62888,27.85
128,ODDANCHATRAM,43249,21625,10.73,201624,SAKKARAPANI. R,Dravida Munnetra Kazhagam,93099,46.17,VIDIYAL S. SEKAR,Bharatiya Janata Party,49850,24.72
184,KARAIKUDI,46074,23037,10.05,229267,DR.PRABHU. TK,Tamilaga Vettri Kazhagam,101358,44.21,MANGUDI. S,Indian National Congress,55284,24.11
50,TIRUPPATTUR,48263,24132,11.89,202925,DR.THIRUPATHI. N,Tamilaga Vettri Kazhagam,105098,51.79,NALLATHAMBI. A,Dravida Munnetra Kazhagam,56835,28.01
11,DR.RADHAKRISHNAN NAGAR,49668,24834,13.7,181206,N. MARIE WILSON,Tamilaga Vettri Kazhagam,97800,53.97,J. JOHN EBENEZER,Dravida Munnetra Kazhagam,48132,26.56
10,THIRUVOTTIYUR,53564,26782,12.93,207088,SENTHIL KUMAR. N,Tamilaga Vettri Kazhagam,110067,53.15,SUNDARARAJ. L,Communist Party of India (Marxist),56503,27.28
12,PERAMBUR,53715,26858,13.14,204384,C. JOSEPH VIJAY,Tamilaga Vettri Kazhagam,120365,58.89,R.D. SHEKAR,Dravida Munnetra Kazhagam,66650,32.61
29,SRIPERUMBUDUR,54246,27123,8.19,331088,THENNARASU.K,Tamilaga Vettri Kazhagam,147611,44.58,K. SELVAPERUNTHAGAI,Indian National Congress,93365,28.2
30,PALLAVARAM,54693,27347,9.64,283677,J.KAMATCHI,Tamilaga Vettri Kazhagam,133611,47.1,D.MURUGESAN,Desiya Murpokku Dravida Kazhagam,78918,27.82
2,PONNERI,55768,27884,12.29,226819,DR.RAVI.M.S,Tamilaga Vettri Kazhagam,110439,48.69,DURAI CHANDRASEKAR,Indian National Congress,54671,24.1
8,AMBATTUR,58781,29391,11.3,259986,BALAMURUGAN.G,Tamilaga Vettri Kazhagam,133339,51.29,DR A.P. POORNIMA,Dravida Munnetra Kazhagam,74558,28.68
7,MADURAVOYAL,61509,30755,10.47,293692,RHEVANTH CHARAN,Tamilaga Vettri Kazhagam,141725,48.26,GANAPATHY. K,Dravida Munnetra Kazhagam,80216,27.31
179,VIRALIMALAI,62073,31037,15.22,203921,VIJAYABASKAR. C,All India Anna Dravida Munnetra Kazhagam,105773,51.87,MURUGESAN. P,Tamilaga Vettri Kazhagam,43700,21.43
113,TIRUPPUR (NORTH),69992,34996,13.28,263457,V.SATHYABAMA,Tamilaga Vettri Kazhagam,131401,49.88,M.S.M.ANANDAN,All India Anna Dravida Munnetra Kazhagam,61409,23.31
5,POONAMALLEE,72740,36370,11.77,308894,PRAKASAM.R,Tamilaga Vettri Kazhagam,161309,52.22,KRISHNASWAMY.A,Dravida Munnetra Kazhagam,88569,28.67
88,SALEM (WEST),74867,37434,15.97,234407,LAKSHMANAN.S,Tamilaga Vettri Kazhagam,120407,51.37,KARTHE.M,Pattali Makkal Katchi,45540,19.43
6,AVADI,76311,38156,11.03,346005,R.RAMESH KUMAR,Tamilaga Vettri Kazhagam,180384,52.13,S.M.NASAR,Dravida Munnetra Kazhagam,104073,30.08
9,MADAVARAM,94985,47493,13.12,361998,M.L.VIJAYPRABHU,Tamilaga Vettri Kazhagam,190462,52.61,S.SUDHARSANAM,Dravida Munnetra Kazhagam,95477,26.38
27,SHOZHINGANALLUR,96780,48390,10.82,447295,ECR P SARAVANAN,Tamilaga Vettri Kazhagam,220382,49.27,S. ARAVIND RAMESH,Dravida Munnetra Kazhagam,123602,27.63
86,EDAPPADI,98110,49055,18.99,258263,EDAPPADI PALANISWAMI. K,All India Anna Dravida Munnetra Kazhagam,148933,57.67,PREMKUMAR. K,Independent,50823,19.68
