const_no,constituency,total_votes,margin,swing_to_flip,swing_pct,p1_candidate,p1_party,p1_votes,p1_pct,p2_candidate,p2_party,p2_votes,p2_pct,p3_candidate,p3_party,p3_votes,p3_pct,p4_candidate,p4_party,p4_votes,p4_pct
1,GUMMIDIPOONDI,232522,27945,13973,6.01,S.VIJAYAKUMAR,Tamilaga Vettri Kazhagam,94320,40.56,SUDHAKAR.V,All India Anna Dravida Munnetra Kazhagam,66375,28.55,T.J.GOVINDARAJAN,Dravida Munnetra Kazhagam,62492,26.88,"R.SRIDAR. B.L.,",Naam Tamilar Katchi,4756,2.05
2,PONNERI,226819,55768,27884,12.29,DR.RAVI.M.S,Tamilaga Vettri Kazhagam,110439,48.69,DURAI CHANDRASEKAR,Indian National Congress,54671,24.1,BALARAMAN.P,All India Anna Dravida Munnetra Kazhagam,51468,22.69,RAJATHI.M,Naam Tamilar Katchi,6676,2.94
3,TIRUTTANI,238798,5793,2897,1.21,G.HARI,All India Anna Dravida Munnetra Kazhagam,89169,37.34,M.SATHYA KUMAR,Tamilaga Vettri Kazhagam,83376,34.91,D.KRISHNAMURTHY,Desiya Murpokku Dravida Kazhagam,54863,22.97,CHANDRAN .S.S,Naam Tamilar Katchi,6704,2.81
4,THIRUVALLUR,226428,24760,12380,5.47,DR. T. ARUNKUMAR,Tamilaga Vettri Kazhagam,92190,40.71,V.G. RAAJENDRAN,Dravida Munnetra Kazhagam,67430,29.78,BE  VEE RAMANAH,All India Anna Dravida Munnetra Kazhagam,56562,24.98,K. SENTHILKUMAR,Naam Tamilar Katchi,5513,2.43
5,POONAMALLEE,308894,72740,36370,11.77,PRAKASAM.R,Tamilaga Vettri Kazhagam,161309,52.22,KRISHNASWAMY.A,Dravida Munnetra Kazhagam,88569,28.67,ELUMALAI.T.A,Amma Makkal Munnettra Kazagam,43280,14.01,MEKALA.J,Naam Tamilar Katchi,11697,3.79
6,AVADI,346005,76311,38156,11.03,R.RAMESH KUMAR,Tamilaga Vettri Kazhagam,180384,52.13,S.M.NASAR,Dravida Munnetra Kazhagam,104073,30.08,RAJASIMHA MAHENDRA,Bharatiya Janata Party,39605,11.45,PUNITHA SHANMUGAM,Naam Tamilar Katchi,16335,4.72
7,MADURAVOYAL,293692,61509,30755,10.47,RHEVANTH CHARAN,Tamilaga Vettri Kazhagam,141725,48.26,GANAPATHY. K,Dravida Munnetra Kazhagam,80216,27.31,P. BENJAMIN,All India Anna Dravida Munnetra Kazhagam,54705,18.63,REVATHI L,Naam Tamilar Katchi,13024,4.43
8,AMBATTUR,259986,58781,29391,11.3,BALAMURUGAN.G,Tamilaga Vettri Kazhagam,133339,51.29,DR A.P. POORNIMA,Dravida Munnetra Kazhagam,74558,28.68,K.N. SEKAR,Pattali Makkal Katchi,35997,13.85,SILAMBARASAN,Naam Tamilar Katchi,11088,4.26
9,MADAVARAM,361998,94985,47493,13.12,M.L.VIJAYPRABHU,Tamilaga Vettri Kazhagam,190462,52.61,S.SUDHARSANAM,Dravida Munnetra Kazhagam,95477,26.38,MADHAVARAM V.MOORTHY,All India Anna Dravida Munnetra Kazhagam,59290,16.38,E.KRITHIKA,Naam Tamilar Katchi,12637,3.49
10,THIRUVOTTIYUR,207088,53564,26782,12.93,SENTHIL KUMAR. N,Tamilaga Vettri Kazhagam,110067,53.15,SUNDARARAJ. L,Communist Party of India (Marxist),56503,27.28,KUPPAN. K,All India Anna Dravida Munnetra Kazhagam,28320,13.68,SATHYA. B,Naam Tamilar Katchi,8413,4.06
11,DR.RADHAKRISHNAN NAGAR,181206,49668,24834,13.7,N. MARIE WILSON,Tamilaga Vettri Kazhagam,97800,53.97,J. JOHN EBENEZER,Dravida Munnetra Kazhagam,48132,26.56,R.S.RAAJESH,All India Anna Dravida Munnetra Kazhagam,26892,14.84,VENNILA.T,Naam Tamilar Katchi,5364,2.96
12,PERAMBUR,204384,53715,26858,13.14,C. JOSEPH VIJAY,Tamilaga Vettri Kazhagam,120365,58.89,R.D. SHEKAR,Dravida Munnetra Kazhagam,66650,32.61,M. THILAGABAMA,Pattali Makkal Katchi,8561,4.19,S. VETRI THAMIZHAN,Naam Tamilar Katchi,5114,2.5
13,KOLATHUR,184051,8795,4398,2.39,V. S. BABU,Tamilaga Vettri Kazhagam,82997,45.09,M. K. STALIN,Dravida Munnetra Kazhagam,74202,40.32,P. SANTHANA KRISHNAN,All India Anna Dravida Munnetra Kazhagam,18430,10.01,SOUNDARA PANDIAN LUDER SETH,Naam Tamilar Katchi,5046,2.74
14,VILLIVAKKAM,141452,17302,8651,6.12,AADHAV ARJUNA,Tamilaga Vettri Kazhagam,66445,46.97,KARTHIK MOHAN,Dravida Munnetra Kazhagam,49143,34.74,VIJAYAKUMAR  S.R,All India Anna Dravida Munnetra Kazhagam,19338,13.67,ROSHINI S,Naam Tamilar Katchi,4310,3.05
15,THIRU-VI-KA-NAGAR,143903,22333,11167,7.76,M. R. PALLAVI,Tamilaga Vettri Kazhagam,69125,48.04,K. S. RAVICHANDRAN,Dravida Munnetra Kazhagam,46792,32.52,PORKODI ARMSTRONG,All India Anna Dravida Munnetra Kazhagam,23304,16.19,JAGADESH CHANDER .M,Naam Tamilar Katchi,2658,1.85
16,EGMORE,119738,10804,5402,4.51,RAJMOHAN,Tamilaga Vettri Kazhagam,53901,45.02,TAMILAN PRASANNA,Dravida Munnetra Kazhagam,43097,35.99,ABISHEK. R,All India Anna Dravida Munnetra Kazhagam,18191,15.19,SARANYA IMRAN,Naam Tamilar Katchi,2522,2.11
17,ROYAPURAM,127356,14249,7125,5.59,K.V. VIJAY DAMU,Tamilaga Vettri Kazhagam,59091,46.4,DR. A. SUBAIR KHAN,Dravida Munnetra Kazhagam,44842,35.21,D. JAYAKUMAR,All India Anna Dravida Munnetra Kazhagam,18420,14.46,A. BABU MAILAN,Naam Tamilar Katchi,2947,2.31
18,HARBOUR,99622,11750,5875,5.9,P K SEKARBABU,Dravida Munnetra Kazhagam,45254,45.43,SINORA P S ASHOK,Tamilaga Vettri Kazhagam,33504,33.63,R MANOHAR,All India Anna Dravida Munnetra Kazhagam,17256,17.32,R FOUZAN SHARIFF,Naam Tamilar Katchi,1607,1.61
19,CHEPAUK-THIRUVALLIKENI,140741,7140,3570,2.54,UDHAYANIDHI STALIN,Dravida Munnetra Kazhagam,62992,44.76,SELVAM. D,Tamilaga Vettri Kazhagam,55852,39.68,AADIRAJARAM,All India Anna Dravida Munnetra Kazhagam,16507,11.73,AYSHA,Naam Tamilar Katchi,2971,2.11
20,THOUSAND LIGHTS,131824,15141,7571,5.74,PRABHAKAR.J.C.D,Tamilaga Vettri Kazhagam,58965,44.73,EZHILAN NAGANATHAN,Dravida Munnetra Kazhagam,43824,33.24,VALARMATHI.B,All India Anna Dravida Munnetra Kazhagam,23320,17.69,KALANCHIYAM.MU,Naam Tamilar Katchi,3717,2.82
21,ANNA NAGAR,163339,21363,10682,6.54,V.K.RAMKUMAR,Tamilaga Vettri Kazhagam,71375,43.7,N.CHITRARASU,Dravida Munnetra Kazhagam,50012,30.62,S.GOKULA INDIRA,All India Anna Dravida Munnetra Kazhagam,34382,21.05,S.SHANKAR,Naam Tamilar Katchi,4839,2.96
22,VIRUGAMPAKKAM,172831,27086,13543,7.84,SABARINATHAN.R,Tamilaga Vettri Kazhagam,76092,44.03,PRABHAKARA RAJA.A.M.V,Dravida Munnetra Kazhagam,49006,28.35,VIRUGAI V.N.RAVI,All India Anna Dravida Munnetra Kazhagam,38767,22.43,SANTHOSH,Naam Tamilar Katchi,6056,3.5
23,SAIDAPET,160401,28514,14257,8.89,ARUL PRAKASAM. M,Tamilaga Vettri Kazhagam,81205,50.63,SUBRAMANIAN. MA,Dravida Munnetra Kazhagam,52691,32.85,SENTHAMIZHAN. G,Amma Makkal Munnettra Kazagam,17839,11.12,SRIVIDYA. G,Naam Tamilar Katchi,5918,3.69
24,THIYAGARAYANAGAR,133928,13027,6514,4.86,ANAND N,Tamilaga Vettri Kazhagam,51632,38.55,SATHIYANARAYANAN B,All India Anna Dravida Munnetra Kazhagam,38605,28.83,RAJA ANBAZHAGAN,Dravida Munnetra Kazhagam,37017,27.64,ANUSHA V,Naam Tamilar Katchi,4554,3.4
25,MYLAPORE,150594,28972,14486,9.62,VENKATARAMANAN. P,Tamilaga Vettri Kazhagam,70070,46.53,VELU. DHA,Dravida Munnetra Kazhagam,41098,27.29,DR. TAMILISAI SOUNDARARAJAN,Bharatiya Janata Party,32328,21.47,ARUN. R.L,Naam Tamilar Katchi,4499,2.99
26,VELACHERY,184815,33305,16653,9.01,KUMAR. R,Tamilaga Vettri Kazhagam,80430,43.52,ASHOK. M.K,All India Anna Dravida Munnetra Kazhagam,47125,25.5,AASSAN MAULAANA J.M.H,Indian National Congress,45928,24.85,KEERTHANA. M,Naam Tamilar Katchi,7697,4.16
27,SHOZHINGANALLUR,447295,96780,48390,10.82,ECR P SARAVANAN,Tamilaga Vettri Kazhagam,220382,49.27,S. ARAVIND RAMESH,Dravida Munnetra Kazhagam,123602,27.63,K.P.KANDAN,All India Anna Dravida Munnetra Kazhagam,74112,16.57,R JAYALAKSHMI,Naam Tamilar Katchi,21919,4.9
28,ALANDUR,261570,29609,14805,5.66,M.HARISH,Tamilaga Vettri Kazhagam,112205,42.9,T.M.ANBARASAN,Dravida Munnetra Kazhagam,82596,31.58,S.SARAVANAN,All India Anna Dravida Munnetra Kazhagam,52243,19.97,Y.G.MAHALAKSHMI,Naam Tamilar Katchi,10405,3.98
29,SRIPERUMBUDUR,331088,54246,27123,8.19,THENNARASU.K,Tamilaga Vettri Kazhagam,147611,44.58,K. SELVAPERUNTHAGAI,Indian National Congress,93365,28.2,K. PALANI,All India Anna Dravida Munnetra Kazhagam,73182,22.1,M. SINDHU EZHILARASAN,Naam Tamilar Katchi,13150,3.97
30,PALLAVARAM,283677,54693,27347,9.64,J.KAMATCHI,Tamilaga Vettri Kazhagam,133611,47.1,D.MURUGESAN,Desiya Murpokku Dravida Kazhagam,78918,27.82,V.VENKATESAN,All India Anna Dravida Munnetra Kazhagam,48921,17.25,DR.R.KARTHIKEYAN,Naam Tamilar Katchi,14065,4.96
31,TAMBARAM,278809,35621,17811,6.39,D.SARATHKUMAR,Tamilaga Vettri Kazhagam,118967,42.67,R.S.KIRUTHIKA DEVI,Dravida Munnetra Kazhagam,83346,29.89,C.RAJENDRAN,All India Anna Dravida Munnetra Kazhagam,61991,22.23,S.TAMILCHELVI,Naam Tamilar Katchi,11627,4.17
32,CHENGALPATTU,324010,35641,17821,5.5,S. THIYAGARAJAN,Tamilaga Vettri Kazhagam,137136,42.32,KARTHIKDHANDAPANI,Dravida Munnetra Kazhagam,101495,31.32,M.GAJENDRAN,All India Anna Dravida Munnetra Kazhagam,69763,21.53,AMUTHA.N,Naam Tamilar Katchi,12032,3.71
33,THIRUPORUR,262409,39351,19676,7.5,B.VIJAYARAJ,Tamilaga Vettri Kazhagam,110095,41.96,R. PANNEERDOSS,Viduthalai Chiruthaigal Katchi,70744,26.96,K. BALU,Pattali Makkal Katchi,67392,25.68,AMBETH RAJAN,Naam Tamilar Katchi,9616,3.66
34,CHEYYUR,187584,5668,2834,1.51,RAJASEKAR. E,All India Anna Dravida Munnetra Kazhagam,63809,34.02,MOHAN RAJA.M.G.K,Tamilaga Vettri Kazhagam,58141,30.99,SINTHANAI SELVAN,Viduthalai Chiruthaigal Katchi,57909,30.87,SWATHILAKSHMI SEKAR,Naam Tamilar Katchi,4853,2.59
35,MADURANTAKAM,198251,7194,3597,1.81,MARAGATHAM KUMARAVEL.K,All India Anna Dravida Munnetra Kazhagam,69284,34.95,EZHIL KATHARINE EZHILMALAI,Tamilaga Vettri Kazhagam,62090,31.32,S.AMULU PONMALAR,Dravida Munnetra Kazhagam,59838,30.18,G.JANAKIRAMAN,Naam Tamilar Katchi,4950,2.5
36,UTHIRAMERUR,227765,14223,7112,3.12,MUNIRATHINAM.J,Tamilaga Vettri Kazhagam,84917,37.28,SUNDAR.K,Dravida Munnetra Kazhagam,70694,31.04,MAGESHKUMAR.P,Pattali Makkal Katchi,62809,27.58,MARAM MASILAMANI.B.S,Naam Tamilar Katchi,5783,2.54
37,KANCHEEPURAM,246317,15488,7744,3.14,R.V. RANJITHKUMAR,Tamilaga Vettri Kazhagam,91350,37.09,V. SOMASUNDARAM,All India Anna Dravida Munnetra Kazhagam,75862,30.8,NITHYA SUGUMAR,Dravida Munnetra Kazhagam,69344,28.15,VETRISELVI,Naam Tamilar Katchi,6950,2.82
38,ARAKKONAM,182340,23121,11561,6.34,V. GANDHIRAJ,Tamilaga Vettri Kazhagam,73776,40.46,EZHIL CAROLINE,Viduthalai Chiruthaigal Katchi,50655,27.78,S. RAVI,All India Anna Dravida Munnetra Kazhagam,50052,27.45,K. RAJKUMAR,Naam Tamilar Katchi,5191,2.85
39,SHOLINGUR,233684,5686,2843,1.22,G.KAPIL,Tamilaga Vettri Kazhagam,84506,36.16,K.SARAVANAN,Pattali Makkal Katchi,78820,33.73,A.M.MUNIRATHINAM,Indian National Congress,57997,24.82,A.ASHOK KUMAR,Naam Tamilar Katchi,6468,2.77
40,KATPADI,203497,5870,2935,1.44,DR M SUDHAKAR,Tamilaga Vettri Kazhagam,69868,34.33,V. RAMU,All India Anna Dravida Munnetra Kazhagam,63998,31.45,DURAIMURUGAN,Dravida Munnetra Kazhagam,62225,30.58,S. THIRUKKUMARAN,Naam Tamilar Katchi,4625,2.27
41,RANIPET,221038,5787,2894,1.31,THAHIRA,Tamilaga Vettri Kazhagam,91149,41.24,R. GANDHI,Dravida Munnetra Kazhagam,85362,38.62,V.M. KARTHIKEYAN,Bharatiya Janata Party,32060,14.5,THAARIKHA SALMAN,Naam Tamilar Katchi,7236,3.27
42,ARCOT,225786,42720,21360,9.46,S.M.SUKUMAR,All India Anna Dravida Munnetra Kazhagam,105608,46.77,G.VIJAY MOHAN,Tamilaga Vettri Kazhagam,62888,27.85,J.L.ESWARAPPAN,Dravida Munnetra Kazhagam,48840,21.63,ARCHANA NARASIMMAN,Naam Tamilar Katchi,5518,2.44
43,VELLORE,190527,6777,3389,1.78,M.M.VINOTH KANNAN,Tamilaga Vettri Kazhagam,73032,38.33,P.KARTHIKEYAN,Dravida Munnetra Kazhagam,66255,34.77,S R K APPU,All India Anna Dravida Munnetra Kazhagam,45458,23.86,A.SONIYA,Naam Tamilar Katchi,3793,1.99
44,ANAIKATTU,216318,7081,3541,1.64,D.VELAZHAGAN,All India Anna Dravida Munnetra Kazhagam,76302,35.27,A.P.NANDAKUMAR,Dravida Munnetra Kazhagam,69221,32.0,R.VELMURUGAN,Tamilaga Vettri Kazhagam,63287,29.26,M.RAVIKUMAR,Naam Tamilar Katchi,4746,2.19
45,KILVAITHINANKUPPAM,189892,20255,10128,5.33,THENRAL KUMAR. E,Tamilaga Vettri Kazhagam,74305,39.13,JEGAN MOORTHY. M,All India Anna Dravida Munnetra Kazhagam,54050,28.46,DR. RAJESWARI. R,Dravida Munnetra Kazhagam,53898,28.38,KALAIYENTHIRI. R,Naam Tamilar Katchi,5183,2.73
46,GUDIYATTAM,229076,10097,5049,2.2,K.SINDU,Tamilaga Vettri Kazhagam,82858,36.17,K.B.PRADAP,Desiya Murpokku Dravida Kazhagam,72761,31.76,PARITHA PURUSHOTHAMAN.G,All India Anna Dravida Munnetra Kazhagam,64122,27.99,J.EMALAN,Naam Tamilar Katchi,5802,2.53
47,VANIYAMBADI,212534,2982,1491,0.7,SYED FAROOQ BASHA SSB,Indian Union Muslim League,73181,34.43,SYED BHURHANUDEEN,Tamilaga Vettri Kazhagam,70199,33.03,SENDHIL KUMAR.G,All India Anna Dravida Munnetra Kazhagam,61055,28.73,MURUGESAN.G,Naam Tamilar Katchi,4849,2.28
48,AMBUR,195584,7131,3566,1.82,VILWANATHAN. A.C.,Dravida Munnetra Kazhagam,74102,37.89,IMTHIYAZ PANDARATTUDU ABDU,Tamilaga Vettri Kazhagam,66971,34.24,VENKATESAN. R,All India Anna Dravida Munnetra Kazhagam,47100,24.08,AFSHIA NASRIN. S,Naam Tamilar Katchi,4185,2.14
49,JOLARPET,213042,16083,8042,3.77,VEERAMANI K.C.,All India Anna Dravida Munnetra Kazhagam,78633,36.91,MUNISAMY C,Tamilaga Vettri Kazhagam,62550,29.36,KAVITHADHANDAPANI,Dravida Munnetra Kazhagam,61977,29.09,SASIREKHA K,Naam Tamilar Katchi,5974,2.8
50,TIRUPPATTUR,202925,48263,24132,11.89,DR.THIRUPATHI. N,Tamilaga Vettri Kazhagam,105098,51.79,NALLATHAMBI. A,Dravida Munnetra Kazhagam,56835,28.01,GNANASEKAR. A,Amma Makkal Munnettra Kazagam,30003,14.79,ARUMUGAM. V,Naam Tamilar Katchi,5482,2.7
51,UTHANGARAI,205530,5198,2599,1.26,N ELAIYARAJA,Tamilaga Vettri Kazhagam,70201,34.16,T M  TAMILSELVAM,All India Anna Dravida Munnetra Kazhagam,65003,31.63,R KUPPUSAMY,Indian National Congress,60993,29.68,MEKALA,Naam Tamilar Katchi,6629,3.23
52,BARGUR,213960,4241,2121,0.99,E.C. GOVINDARASAN,All India Anna Dravida Munnetra Kazhagam,71240,33.3,E. MURALIDHARAN,Tamilaga Vettri Kazhagam,66999,31.31,D. MATHIAZHAGAN,Dravida Munnetra Kazhagam,65228,30.49,KAVINKUMAR. S,Naam Tamilar Katchi,5462,2.55
53,KRISHNAGIRI,230181,18844,9422,4.09,MUKUNDHAN.P,Tamilaga Vettri Kazhagam,89374,38.83,ASHOKKUMAR.K,All India Anna Dravida Munnetra Kazhagam,70530,30.64,CHELLAKUMAR.A,Indian National Congress,59597,25.89,SUGANTHI,Naam Tamilar Katchi,6398,2.78
54,VEPPANAHALLI,222608,138,69,0.03,SRINIVASAN.P.S,Dravida Munnetra Kazhagam,74691,33.55,MUNUSAMY.K.P,All India Anna Dravida Munnetra Kazhagam,74553,33.49,SAMPANGI.S.R,Tamilaga Vettri Kazhagam,63907,28.71,NAGARAJ.R,Naam Tamilar Katchi,4519,2.03
55,HOSUR,277770,27803,13902,5.0,BALAKRISHNAREDDY. P,All India Anna Dravida Munnetra Kazhagam,109867,39.55,VENDARKARASAN.S,Tamilaga Vettri Kazhagam,82064,29.54,SATHYA.S.A.,Dravida Munnetra Kazhagam,73773,26.56,STALIN.R,Naam Tamilar Katchi,7632,2.75
56,THALLI,205878,5240,2620,1.27,RAMACHANDRAN. T,Communist Party of India,78283,38.02,DR.NAGESH KUMAR. C,Bharatiya Janata Party,73043,35.48,SURESH. G,Tamilaga Vettri Kazhagam,45245,21.98,NARASIMMA REDDY ALIAS NARASIMMAN. R,Naam Tamilar Katchi,4107,1.99
57,PALACODU,225257,39042,19521,8.67,ANBALAGAN. K.P.,All India Anna Dravida Munnetra Kazhagam,102807,45.64,GOPI. R.,Tamilaga Vettri Kazhagam,63765,28.31,DR. DNV SENTHILKUMAR. S.,Dravida Munnetra Kazhagam,50043,22.22,BOOPATHI. R.,Naam Tamilar Katchi,5598,2.49
58,PENNAGARAM,228666,3165,1583,0.69,GAJENDRAN. S.,Tamilaga Vettri Kazhagam,81240,35.53,SELVAM. V.,Pattali Makkal Katchi,78075,34.14,G. K. M. TAMILKUMARAN,Indian National Congress,53901,23.57,PALANIYAMMAL. T.,Naam Tamilar Katchi,7358,3.22
59,DHARMAPURI,238579,20896,10448,4.38,SOWMIYA ANBUMANI,Pattali Makkal Katchi,93713,39.28,SIVAN. M.,Tamilaga Vettri Kazhagam,72817,30.52,DR. ELANGOVAN. V.,Desiya Murpokku Dravida Kazhagam,56905,23.85,SHANTHALAKSHMI. K.,Naam Tamilar Katchi,6758,2.83
60,PAPPIREDDIPATTI,236621,33114,16557,7.0,MARAGATHAM VETRIVEL,All India Anna Dravida Munnetra Kazhagam,101829,43.03,PALANIAPPAN. P,Dravida Munnetra Kazhagam,68715,29.04,THILAGAVATHI. S,Tamilaga Vettri Kazhagam,57619,24.35,ARCHANA TAMILARUVI,Naam Tamilar Katchi,5216,2.2
61,HARUR,220042,3329,1665,0.76,SAMPATHKUMAR. V,All India Anna Dravida Munnetra Kazhagam,75523,34.32,SHANMUGAM. A,Dravida Munnetra Kazhagam,72194,32.81,RAKESH. K,Tamilaga Vettri Kazhagam,62756,28.52,ANITHA. A,Naam Tamilar Katchi,5245,2.38
62,CHENGAM,242897,13278,6639,2.73,S.VELU,All India Anna Dravida Munnetra Kazhagam,87802,36.15,K BHARATHIDHASAN,Tamilaga Vettri Kazhagam,74524,30.68,M.P.GIRI,Dravida Munnetra Kazhagam,70346,28.96,J.SHOBA,Naam Tamilar Katchi,6335,2.61
63,TIRUVANNAMALAI,220066,2455,1228,0.56,VELU. E.V,Dravida Munnetra Kazhagam,88273,40.11,ARUL ARUMUGAM,Tamilaga Vettri Kazhagam,85818,39.0,ELUMALAI. C,Bharatiya Janata Party,34280,15.58,VIGNESH. S,Naam Tamilar Katchi,6011,2.73
64,KILPENNATHUR,219790,30465,15233,6.93,RAMACHANDRAN.S,All India Anna Dravida Munnetra Kazhagam,90503,41.18,PITCHANDI.K,Dravida Munnetra Kazhagam,60038,27.32,RAJA.D,Tamilaga Vettri Kazhagam,59130,26.9,LOGANATHAN.V,Naam Tamilar Katchi,6184,2.81
65,KALASAPAKKAM,214127,26740,13370,6.24,AGRI KRISHNAMURTHY. S S,All India Anna Dravida Munnetra Kazhagam,89629,41.86,SARAVANAN. P.S.T,Dravida Munnetra Kazhagam,62889,29.37,ELUMALAI. P,Tamilaga Vettri Kazhagam,51666,24.13,SEETHA SIVANANDAM. P,Naam Tamilar Katchi,5312,2.48
66,POLUR,211743,227,114,0.05,ABISHEK. R,Tamilaga Vettri Kazhagam,67961,32.1,SARAVANAN. P,Desiya Murpokku Dravida Kazhagam,67734,31.99,BASKARAN. C. R,Pattali Makkal Katchi,61444,29.02,UMADEVI. A,Naam Tamilar Katchi,6425,3.03
67,ARANI,230162,5631,2816,1.22,JAYASUDHA. L,All India Anna Dravida Munnetra Kazhagam,76735,33.34,MAHALAKSHMI GOVARTHANAN,Dravida Munnetra Kazhagam,71104,30.89,VENKATESH KUMAR. D,Tamilaga Vettri Kazhagam,70857,30.79,DHAVAMANI. R,Naam Tamilar Katchi,6888,2.99
68,CHEYYAR,222570,21081,10541,4.74,MUKKUR N. SUBRAMANIAN,All India Anna Dravida Munnetra Kazhagam,86680,38.95,DUSI K MOHAN,Tamilaga Vettri Kazhagam,65599,29.47,JOTHI. O,Dravida Munnetra Kazhagam,59894,26.91,TAMILSELVAN. M,Naam Tamilar Katchi,7043,3.16
69,VANDAVASI,191204,3333,1667,0.87,AMBETHKUMAR. S,Dravida Munnetra Kazhagam,63805,33.37,RANI. P,All India Anna Dravida Munnetra Kazhagam,60472,31.63,UDHAYAKUMAR. M,Tamilaga Vettri Kazhagam,58174,30.43,GANESH. R,Naam Tamilar Katchi,5495,2.87
70,GINGEE,216652,12645,6323,2.92,GANESHKUMAR A,Pattali Makkal Katchi,78201,36.1,GINGEE MASTHAN K S,Dravida Munnetra Kazhagam,65556,30.26,CHANDRASEKARAN B,Tamilaga Vettri Kazhagam,61609,28.44,ADVOCATE KRISHNAN E,Naam Tamilar Katchi,6371,2.94
71,MAILAM,189221,30041,15021,7.94,SHANMUGAM C VE,All India Anna Dravida Munnetra Kazhagam,82353,43.52,VIJAY NIRANJAN A,Tamilaga Vettri Kazhagam,52312,27.65,VENKATESAN L,Desiya Murpokku Dravida Kazhagam,46267,24.45,VIDJAIVIKRAM S,Naam Tamilar Katchi,4383,2.32
72,TINDIVANAM,196026,734,367,0.19,VANNI ARASU,Viduthalai Chiruthaigal Katchi,63833,32.56,ARJUNAN. P,All India Anna Dravida Munnetra Kazhagam,63099,32.19,SAKTHIVEL. S,Tamilaga Vettri Kazhagam,61159,31.2,PACHIMUTHU. P,Naam Tamilar Katchi,5242,2.67
73,VANUR,192119,7034,3517,1.83,GOWTHAM D,Dravida Munnetra Kazhagam,68873,35.85,SURESH P,Tamilaga Vettri Kazhagam,61839,32.19,MURUGAN P,All India Anna Dravida Munnetra Kazhagam,54193,28.21,KARIKALAN B,Naam Tamilar Katchi,4697,2.44
74,VILUPPURAM,215422,4119,2060,0.96,LAKSHMANAN R,Dravida Munnetra Kazhagam,72982,33.88,MOHANRAJ N,Tamilaga Vettri Kazhagam,68863,31.97,VIJAYASURESHBABU,All India Anna Dravida Munnetra Kazhagam,63808,29.62,ABINAYA PONNIVALAVAN,Naam Tamilar Katchi,5786,2.69
75,VIKRAVANDI,209231,910,455,0.22,SIVAKUMAR C,Pattali Makkal Katchi,69727,33.33,VIJAI VADIVEL A,Tamilaga Vettri Kazhagam,68817,32.89,ANNIYUR SIVA @ SIVASHANMUGAM A,Dravida Munnetra Kazhagam,60941,29.13,SUBHA CHANDRASEKARAN A,Naam Tamilar Katchi,4979,2.38
76,TIRUKKOYILUR,217318,285,143,0.07,PALANISAMY S,All India Anna Dravida Munnetra Kazhagam,73033,33.61,VIJAY R BARANIBALAAJI,Tamilaga Vettri Kazhagam,72748,33.48,DR PON GAUTHAMSIGAMANI,Dravida Munnetra Kazhagam,62452,28.74,HEMARAJAN K,Naam Tamilar Katchi,5791,2.66
77,ULUNDURPETTAI,271002,2277,1139,0.42,VASANTHAVEL G R,Dravida Munnetra Kazhagam,98471,36.34,KUMARAGURU R,All India Anna Dravida Munnetra Kazhagam,96194,35.5,SUDHAKAR M,Tamilaga Vettri Kazhagam,66208,24.43,LOGESHWARI S,Naam Tamilar Katchi,6525,2.41
78,RISHIVANDIYAM,244795,4862,2431,0.99,KARTHIKEYAN K,Dravida Munnetra Kazhagam,89711,36.65,ASHOK KUMAR G,Tamilaga Vettri Kazhagam,84849,34.66,CHEZHIYAN P,Pattali Makkal Katchi,56488,23.08,RADHIKA P,Naam Tamilar Katchi,7247,2.96
79,SANKARAPURAM,235528,3440,1720,0.73,RAKESH R,All India Anna Dravida Munnetra Kazhagam,80250,34.07,UDHAYASURIYAN T,Dravida Munnetra Kazhagam,76810,32.61,JAGADESAN A,Tamilaga Vettri Kazhagam,67624,28.71,RAMESH K,Naam Tamilar Katchi,5567,2.36
80,KALLAKURICHI,249626,798,399,0.16,ARUL VIGNESH C,Tamilaga Vettri Kazhagam,81132,32.5,RAJEEVGANDHI S,All India Anna Dravida Munnetra Kazhagam,80334,32.18,MALATHI K,Viduthalai Chiruthaigal Katchi,77666,31.11,NAGAMMAL RAJKODI,Naam Tamilar Katchi,7494,3.0
81,GANGAVALLI,196679,14404,7202,3.66,NALLATHAMBI. A,All India Anna Dravida Munnetra Kazhagam,73167,37.2,CHINNADURAI. K,Dravida Munnetra Kazhagam,58763,29.88,SUJATHA. V,Tamilaga Vettri Kazhagam,55291,28.11,ABIRAMI. A,Naam Tamilar Katchi,6242,3.17
82,ATTUR,208296,15318,7659,3.68,JAYASANKARAN. A.P.,All India Anna Dravida Munnetra Kazhagam,80843,38.81,SELVABHARATHI. R.,Tamilaga Vettri Kazhagam,65525,31.46,ARTHANARI. S.K.,Indian National Congress,51896,24.91,MONISHA CHINNADURAI.,Naam Tamilar Katchi,6532,3.14
83,YERCAUD,253592,2189,1095,0.43,USHARANI. P,All India Anna Dravida Munnetra Kazhagam,87772,34.61,LAKSHMI JANARTHANAN. J,Tamilaga Vettri Kazhagam,85583,33.75,REVATHI. T.M,Dravida Munnetra Kazhagam,68045,26.83,PALANISAMY. M,Naam Tamilar Katchi,7601,3.0
84,OMALUR,271119,14539,7270,2.68,MANI. R,All India Anna Dravida Munnetra Kazhagam,112246,41.4,ADHIYAMAAN. R.V,Tamilaga Vettri Kazhagam,97707,36.04,ELANGOVAN. A.R,Desiya Murpokku Dravida Kazhagam,46917,17.3,SIVASAKTHI. M,Naam Tamilar Katchi,8370,3.09
85,METTUR,231105,19105,9553,4.13,VENKATACHALAM. G,All India Anna Dravida Munnetra Kazhagam,86498,37.43,MIDHUN CHAKRAVARTHY. M,Dravida Munnetra Kazhagam,67393,29.16,SELVAM. K,Tamilaga Vettri Kazhagam,65260,28.24,VIDHYA VEERAPPAN,Naam Tamilar Katchi,7109,3.08
86,EDAPPADI,258263,98110,49055,18.99,EDAPPADI PALANISWAMI. K,All India Anna Dravida Munnetra Kazhagam,148933,57.67,PREMKUMAR. K,Independent,50823,19.68,KASI. C,Dravida Munnetra Kazhagam,44011,17.04,PRIYADHARSHINI. A,Naam Tamilar Katchi,8450,3.27
87,SANKARI,243779,9517,4759,1.95,VETRIVEL. S,All India Anna Dravida Munnetra Kazhagam,87342,35.83,SENTHILKUMAR. K,Tamilaga Vettri Kazhagam,77825,31.92,MANIKANDAN. M,Dravida Munnetra Kazhagam,65716,26.96,NITHYA. A,Naam Tamilar Katchi,7534,3.09
88,SALEM (WEST),234407,74867,37434,15.97,LAKSHMANAN.S,Tamilaga Vettri Kazhagam,120407,51.37,KARTHE.M,Pattali Makkal Katchi,45540,19.43,ALAGAAPURAM. R. MOHANRAJ,Desiya Murpokku Dravida Kazhagam,41522,17.71,ARUL RAMADAS,Aanaithinthiya Jananayaka Pathukappu Kazhagam,12532,5.35
89,SALEM (NORTH),210712,14034,7017,3.33,SIVAKUMAR. K,Tamilaga Vettri Kazhagam,85710,40.68,RAJENDRAN. R,Dravida Munnetra Kazhagam,71676,34.02,SADHASIVAM. S,Pattali Makkal Katchi,44238,20.99,GUNASEELA. M,Naam Tamilar Katchi,6450,3.06
90,SALEM (SOUTH),207902,33369,16685,8.03,VIJAY TAMILAN PARTHIBAN. A,Tamilaga Vettri Kazhagam,91371,43.95,LOGANATHAN. M,Dravida Munnetra Kazhagam,58002,27.9,VINOTH. J,All India Anna Dravida Munnetra Kazhagam,50216,24.15,SOFIA. S,Naam Tamilar Katchi,5819,2.8
91,VEERAPANDI,235875,4071,2036,0.86,PALANIVEL. M.S,Tamilaga Vettri Kazhagam,79907,33.88,SRI BALAJI SUGUMAR. S,All India Anna Dravida Munnetra Kazhagam,75836,32.15,THARUN. A.K,Dravida Munnetra Kazhagam,69296,29.38,RAJESHKUMAR. S,Naam Tamilar Katchi,6820,2.89
92,RASIPURAM,204680,14511,7256,3.55,LOGESH TAMILSELVAN D,Tamilaga Vettri Kazhagam,74808,36.55,PREMKUMAR S D,Bharatiya Janata Party,60297,29.46,MATHIVENTHAN M DR,Dravida Munnetra Kazhagam,57854,28.27,SASIKALA S,Naam Tamilar Katchi,6415,3.13
93,SENTHAMANGALAM,209687,2655,1328,0.63,P CHANDRASEKAR,Tamilaga Vettri Kazhagam,68815,32.82,C CHANDRASEKARAN,All India Anna Dravida Munnetra Kazhagam,66160,31.55,P POOMALAR,Dravida Munnetra Kazhagam,64951,30.98,PONNUMANI C,Naam Tamilar Katchi,6478,3.09
94,NAMAKKAL,212283,11008,5504,2.59,DILIP C S,Tamilaga Vettri Kazhagam,79744,37.56,SRIDEVI MOHAN P S,All India Anna Dravida Munnetra Kazhagam,68736,32.38,RANI P,Dravida Munnetra Kazhagam,52808,24.88,PRAVEENKUMAR K,Naam Tamilar Katchi,6286,2.96
95,PARAMATHI-VELUR,188845,308,154,0.08,SEKAR S,All India Anna Dravida Munnetra Kazhagam,61349,32.49,MOORTHIY K S,Dravida Munnetra Kazhagam,61041,32.32,NANDAKUMAR A,Tamilaga Vettri Kazhagam,56067,29.69,ARAVIND M,Naam Tamilar Katchi,5727,3.03
96,TIRUCHENGODU,191122,28172,14086,7.37,ARUNRAJ K G,Tamilaga Vettri Kazhagam,79500,41.6,SRMT SEKAR (A) CHANDRASEKAR R,All India Anna Dravida Munnetra Kazhagam,51328,26.86,ESWARAN E R,Dravida Munnetra Kazhagam,49465,25.88,REVATHI K,Naam Tamilar Katchi,6085,3.18
97,KUMARAPALAYAM,205324,7696,3848,1.87,C.VIJAYALAKSHMI,Tamilaga Vettri Kazhagam,81179,39.54,P.THANGAMANI,All India Anna Dravida Munnetra Kazhagam,73483,35.79,S.BALU,Dravida Munnetra Kazhagam,39993,19.48,UVARANI SURESH,Naam Tamilar Katchi,7663,3.73
98,ERODE (EAST),162453,23966,11983,7.38,M.VIJAY BALAJI,Tamilaga Vettri Kazhagam,69747,42.93,GOPINATH PALANIYAPPAN,Indian National Congress,45781,28.18,R.MANOHARAN,All India Anna Dravida Munnetra Kazhagam,38183,23.5,S.THANDAVAMOORTHY,Naam Tamilar Katchi,4987,3.07
99,ERODE (WEST),221400,22250,11125,5.02,ANANTH MOGHAN K.K.,Tamilaga Vettri Kazhagam,96836,43.74,S. MUTHUSAMY,Dravida Munnetra Kazhagam,74586,33.69,M. YUVARAJA,Bharatiya Janata Party,38185,17.25,N. VIJAY,Naam Tamilar Katchi,8124,3.67
100,MODAKKURICHI,190759,2430,1215,0.64,D.SHANMUGAN,Tamilaga Vettri Kazhagam,60715,31.83,S.KIRTHIKA,Bharatiya Janata Party,58285,30.55,S.SENTHILNATHAN,Dravida Munnetra Kazhagam,58236,30.53,M.ARUNKUMAR,Naam Tamilar Katchi,6723,3.52
101,DHARAPURAM,199944,16727,8364,4.18,SATHYABAMA.P,All India Anna Dravida Munnetra Kazhagam,81100,40.56,INDIRANI.T,Dravida Munnetra Kazhagam,64373,32.2,GOWRI CHITRA,Tamilaga Vettri Kazhagam,46438,23.23,DHIVYA,Naam Tamilar Katchi,6026,3.01
102,KANGAYAM,203534,8133,4067,2.0,NSN NATARAJ,All India Anna Dravida Munnetra Kazhagam,71122,34.94,MANI GOUNDER,Tamilaga Vettri Kazhagam,62989,30.95,M.P.SAMINATHAN,Dravida Munnetra Kazhagam,59230,29.1,KARMEGAN.M,Naam Tamilar Katchi,7068,3.47
103,PERUNDURAI,200686,9693,4847,2.42,JAYAKUMAR. S,All India Anna Dravida Munnetra Kazhagam,70302,35.03,THOPPU VENKATACHALAM (ALIAS) N.D. VENKATACHALAM,Dravida Munnetra Kazhagam,60609,30.2,ARUNACHALAM. V. P,Tamilaga Vettri Kazhagam,59483,29.64,INGUR. C. LOGANATHAN,Naam Tamilar Katchi,6468,3.22
104,BHAVANI,208323,7396,3698,1.78,KARUPPANAN. K.C,All India Anna Dravida Munnetra Kazhagam,75577,36.28,BALAKRISHNAN,Tamilaga Vettri Kazhagam,68181,32.73,CHANDRASEKAR. K.A,Dravida Munnetra Kazhagam,54087,25.96,MOHANADEVI. R,Naam Tamilar Katchi,6195,2.97
105,ANTHIYUR,185775,1260,630,0.34,HARIBASKAR.P,All India Anna Dravida Munnetra Kazhagam,60042,32.32,SIVABALAN.M,Dravida Munnetra Kazhagam,58782,31.64,VIJAY VENKATESH.M,Tamilaga Vettri Kazhagam,56372,30.34,AALANGATTUR ANANDHI,Naam Tamilar Katchi,5287,2.85
106,GOBICHETTIPALAYAM,219727,16620,8310,3.78,SENGOTTAIYAN.K.A,Tamilaga Vettri Kazhagam,82612,37.6,NALLASIVAM.N,Dravida Munnetra Kazhagam,65992,30.03,PRABHU.V.B,All India Anna Dravida Munnetra Kazhagam,56232,25.59,SEETHALAKSHMI.M.K,Naam Tamilar Katchi,8137,3.7
107,BHAVANISAGAR,214595,4569,2285,1.06,V.P.TAMILSELVI,Tamilaga Vettri Kazhagam,72391,33.73,A.BANNARI,All India Anna Dravida Munnetra Kazhagam,67822,31.6,P.L.SUNDARAM,Communist Party of India,63107,29.41,S.SOUNDARYA,Naam Tamilar Katchi,5832,2.72
108,UDHAGAMANDALAM,148704,976,488,0.33,BHOJARAJAN.M,Bharatiya Janata Party,48488,32.61,IBRAHIM.R,Tamilaga Vettri Kazhagam,47512,31.95,RAMACHANDRAN.B,Indian National Congress,45658,30.7,RAGUPATHY.B,Naam Tamilar Katchi,4641,3.12
109,GUDALUR,151241,22833,11417,7.55,DHRAVIDAMANI.M,Dravida Munnetra Kazhagam,65590,43.37,PON.JAYASEELAN,All India Anna Dravida Munnetra Kazhagam,42757,28.27,DEEPAK SAI KISHORE.A,Tamilaga Vettri Kazhagam,34962,23.12,KARTHIK.R,Naam Tamilar Katchi,6199,4.1
110,COONOOR,141394,8099,4050,2.86,M. RAJU,Dravida Munnetra Kazhagam,50470,35.69,A. RAMU,All India Anna Dravida Munnetra Kazhagam,42371,29.97,C. THANGARAJU,Tamilaga Vettri Kazhagam,42225,29.86,K. DEENU,Naam Tamilar Katchi,4695,3.32
111,METTUPPALAYAM,244319,7768,3884,1.59,SUNILANAND,Tamilaga Vettri Kazhagam,75664,30.97,SMT.KAVITHA KALYANASUNDARAM,Dravida Munnetra Kazhagam,67896,27.79,O.K.CHINNARAJ,All India Anna Dravida Munnetra Kazhagam,61736,25.27,T.R.SHANMUGASUNDARAM,Independent,26756,10.95
112,AVANASHI,231600,15373,7687,3.32,KAMALI.S,Tamilaga Vettri Kazhagam,84209,36.36,DR. L. MURUGAN,Bharatiya Janata Party,68836,29.72,DR. GOKILAMANI.V,Dravida Munnetra Kazhagam,65530,28.29,MENAKA. V,Naam Tamilar Katchi,7704,3.33
113,TIRUPPUR (NORTH),263457,69992,34996,13.28,V.SATHYABAMA,Tamilaga Vettri Kazhagam,131401,49.88,M.S.M.ANANDAN,All India Anna Dravida Munnetra Kazhagam,61409,23.31,M.RAVI ALIAS M.SUBRAMANIAN,Communist Party of India,53964,20.48,R.ABINAYA,Naam Tamilar Katchi,13157,4.99
114,TIRUPPUR (SOUTH),179814,12901,6451,3.59,BALAMURUGAN. S,Tamilaga Vettri Kazhagam,73793,41.04,DINESHKUMAR. N,Dravida Munnetra Kazhagam,60892,33.86,THANGARAJ. S,Bharatiya Janata Party,34617,19.25,DINESH. P.N,Naam Tamilar Katchi,6956,3.87
115,PALLADAM,301014,37897,18949,6.3,K.RAMKUMAR,Tamilaga Vettri Kazhagam,121297,40.3,K.P.PARAMASIVAM,All India Anna Dravida Munnetra Kazhagam,83400,27.71,K.SELVARAJ,Dravida Munnetra Kazhagam,78625,26.12,K.V.THAMILINIYAN,Naam Tamilar Katchi,13141,4.37
116,SULUR,273544,4790,2395,0.88,NM.SUKUMAR,Tamilaga Vettri Kazhagam,90531,33.1,V.P.KANDASAMY,All India Anna Dravida Munnetra Kazhagam,85741,31.34,THALAPATHY MURUGESAN,Dravida Munnetra Kazhagam,83654,30.58,DR.S.RAJASEKARAN,Naam Tamilar Katchi,10147,3.71
117,KAVUNDAMPALAYAM,363991,42140,21070,5.79,KANIMOZHI SANTHOSH,Tamilaga Vettri Kazhagam,146466,40.24,ARUNKUMAR PRG,All India Anna Dravida Munnetra Kazhagam,104326,28.66,SURYA PRAKASH K.P,Indian National Congress,90726,24.93,KALAMANI JAGANATHAN,Naam Tamilar Katchi,16834,4.62
118,COIMBATORE (NORTH),226109,21992,10996,4.86,V. SAMPATHKUMAR,Tamilaga Vettri Kazhagam,92500,40.91,DURAI. SENTHAMIL SELVAN B.E,Dravida Munnetra Kazhagam,70508,31.18,VANATHI SRINIVASAN,Bharatiya Janata Party,49722,21.99,NARMADHA. G.,Naam Tamilar Katchi,9036,4.0
119,THONDAMUTHUR,258549,14725,7363,2.85,S.P.VELUMANI,All India Anna Dravida Munnetra Kazhagam,93316,36.09,SATHISH RAJU (ALIAS) K.P.R. SATHISH,Tamilaga Vettri Kazhagam,78591,30.4,N.R.KARTHIKEYAN,Dravida Munnetra Kazhagam,75917,29.36,RAJABU NISHA.Z,Naam Tamilar Katchi,6976,2.7
120,COIMBATORE (SOUTH),156499,2271,1136,0.73,V SENTHILBALAJI,Dravida Munnetra Kazhagam,59724,38.16,V. SENTHILKUMAR,Tamilaga Vettri Kazhagam,57453,36.71,AMMAN K.ARJUNAN,All India Anna Dravida Munnetra Kazhagam,31689,20.25,PERARIVALAN. V,Naam Tamilar Katchi,5062,3.23
121,SINGANALLUR,221033,19139,9570,4.33,K.S.SRI GIRI PRASATH,Tamilaga Vettri Kazhagam,84163,38.08,V.SRINIDHI,Indian National Congress,65024,29.42,K.R.JAYARAM,All India Anna Dravida Munnetra Kazhagam,57783,26.14,NEHRUJI GUNASEKARAN,Naam Tamilar Katchi,9203,4.16
122,KINATHUKADAVU,267917,11710,5855,2.19,VIGNESH K,Tamilaga Vettri Kazhagam,99950,37.31,SABARI KARTHIKEYAN K.V.K.S,Dravida Munnetra Kazhagam,88240,32.94,DAMODARAN S,All India Anna Dravida Munnetra Kazhagam,67789,25.3,BANUPRIYA M,Naam Tamilar Katchi,9667,3.61
123,POLLACHI,181196,4627,2314,1.28,K. NITHYANANDHAN,Dravida Munnetra Kazhagam,62013,34.22,POLLACHI V. JAYARAMAN,All India Anna Dravida Munnetra Kazhagam,57386,31.67,G. RAMANATHAN,Tamilaga Vettri Kazhagam,53819,29.7,N. SENTHIL KUMAR,Naam Tamilar Katchi,4866,2.69
124,VALPARAI,150431,9371,4686,3.12,KUTTY (ALIAS) SUDHAKAR. A,Dravida Munnetra Kazhagam,54671,36.34,DR. SRIDHARAN. A,Tamilaga Vettri Kazhagam,45300,30.11,LEKSHMANA SINGH. D,All India Anna Dravida Munnetra Kazhagam,43728,29.07,UMADEVI. P,Naam Tamilar Katchi,5256,3.49
125,UDUMALAIPETTAI,203575,2882,1441,0.71,JAYAKUMAR M.,Dravida Munnetra Kazhagam,68549,33.67,RADHAKRISHNAN K.,All India Anna Dravida Munnetra Kazhagam,65667,32.26,SANKAR K.,Tamilaga Vettri Kazhagam,59831,29.39,RAM KUMAR M.,Naam Tamilar Katchi,6702,3.29
126,MADATHUKULAM,188249,15968,7984,4.24,R JAYARAMAKRISHNAN,Dravida Munnetra Kazhagam,70458,37.43,C SHANMUGAVELU,Amma Makkal Munnettra Kazagam,54490,28.95,R THIRUMALAI,Tamilaga Vettri Kazhagam,52684,27.99,M RADHAMANI,Naam Tamilar Katchi,6578,3.49
127,PALANI,208619,693,347,0.17,RAVIMANOHARAN. K,All India Anna Dravida Munnetra Kazhagam,66986,32.11,DR. PRAVEEN KUMAR. M,Tamilaga Vettri Kazhagam,66293,31.78,PANDI. N,Communist Party of India (Marxist),65534,31.41,MURUGESWARI. B,Naam Tamilar Katchi,6300,3.02
128,ODDANCHATRAM,201624,43249,21625,10.73,SAKKARAPANI. R,Dravida Munnetra Kazhagam,93099,46.17,VIDIYAL S. SEKAR,Bharatiya Janata Party,49850,24.72,MOHAN. S,Tamilaga Vettri Kazhagam,49155,24.38,RAGUPATHI. P,Naam Tamilar Katchi,5454,2.71
129,ATHOOR,237183,22368,11184,4.72,I. PERIASAMY,Dravida Munnetra Kazhagam,106240,44.79,N. KALAISELVI,Tamilaga Vettri Kazhagam,83872,35.36,A. VISWANATHAN,All India Anna Dravida Munnetra Kazhagam,32477,13.69,DR. A. SIMON JUSTIN,Naam Tamilar Katchi,9946,4.19
130,NILAKKOTTAI,197593,2925,1463,0.74,AYYANAR.R,Tamilaga Vettri Kazhagam,68580,34.71,NAGAJOTHI.S,Dravida Munnetra Kazhagam,65655,33.23,THENMOZHI.S,All India Anna Dravida Munnetra Kazhagam,49924,25.27,DR.KAILAI RAJAN.D,Naam Tamilar Katchi,8615,4.36
131,NATHAM,239140,11869,5935,2.48,NATHAM VISWANATHAN R,All India Anna Dravida Munnetra Kazhagam,85708,35.84,SELVAKUMAR K,Dravida Munnetra Kazhagam,73839,30.88,RAMESH L N,Tamilaga Vettri Kazhagam,64997,27.18,ALAGAMMAL A,Naam Tamilar Katchi,9677,4.05
132,DINDIGUL,212024,1131,566,0.27,SENTHILKUMAR. I.P,Dravida Munnetra Kazhagam,74489,35.13,NAZEER RAJA. G,Tamilaga Vettri Kazhagam,73358,34.6,SREENIVASAN. C,All India Anna Dravida Munnetra Kazhagam,53986,25.46,MUTHARASI. S,Naam Tamilar Katchi,7299,3.44
133,VEDASANDUR,226554,10063,5032,2.22,SAMINATHAN. T,Dravida Munnetra Kazhagam,84948,37.5,PARAMASIVAM. V.P.B.,All India Anna Dravida Munnetra Kazhagam,74885,33.05,DR.NAKAJOTHI. N,Tamilaga Vettri Kazhagam,56804,25.07,KHAJA HUSSAIN AHAMED. A,Naam Tamilar Katchi,7095,3.13
134,ARAVAKURICHI,181078,19382,9691,5.35,ELANGO. R,Dravida Munnetra Kazhagam,70827,39.11,KARTHIKEYAN. P,Tamilaga Vettri Kazhagam,51445,28.41,SELVAKUMAR. K,All India Anna Dravida Munnetra Kazhagam,49289,27.22,NAREN. S,Naam Tamilar Katchi,5154,2.85
135,KARUR,216829,1821,911,0.42,M.R. VIJAYABHASKAR,All India Anna Dravida Munnetra Kazhagam,71542,32.99,MATHIYALAGAN  V.P,Tamilaga Vettri Kazhagam,69721,32.15,AASEE.M. THIAGARAJAN,Dravida Munnetra Kazhagam,67256,31.02,KARUPPAIYA. R,Naam Tamilar Katchi,5465,2.52
136,KRISHNARAYAPURAM,189357,3503,1752,0.93,SATHYA. M,Tamilaga Vettri Kazhagam,62378,32.94,DR. DHIVYA. S,All India Anna Dravida Munnetra Kazhagam,58875,31.09,RAJA. C.K,Dravida Munnetra Kazhagam,57292,30.26,SATHIYA. V,Naam Tamilar Katchi,6102,3.22
137,KULITHALAI,209091,579,290,0.14,SURIYANUR. A. CHANDRAN,Dravida Munnetra Kazhagam,68138,32.59,G.BALASUBRAMANI,Tamilaga Vettri Kazhagam,67559,32.31,S.KARUNAKARAN,All India Anna Dravida Munnetra Kazhagam,60317,28.85,SELVA.NANMAARAN,Naam Tamilar Katchi,7978,3.82
138,MANAPPARAI,241216,1426,713,0.3,R. KATHIRAVAN,Tamilaga Vettri Kazhagam,83041,34.43,DR. PL. VIJAYAKUMAR,All India Anna Dravida Munnetra Kazhagam,81615,33.83,P. ABDUL SAMED,Dravida Munnetra Kazhagam,61355,25.44,M. ARUNAGIRI,Naam Tamilar Katchi,10070,4.17
139,SRIRANGAM,254985,33590,16795,6.59,RAMESH,Tamilaga Vettri Kazhagam,103235,40.49,S. DURAIRAJ,Dravida Munnetra Kazhagam,69645,27.31,R.MANOHARAN,All India Anna Dravida Munnetra Kazhagam,65819,25.81,DHARMARAJ. M,Naam Tamilar Katchi,11026,4.32
140,TIRUCHIRAPPALLI (WEST),196347,4786,2393,1.22,K.N.NEHRU,Dravida Munnetra Kazhagam,88235,44.94,G.RAMAMOORTHI,Tamilaga Vettri Kazhagam,83449,42.5,M.RAJASEKARAN,Amma Makkal Munnettra Kazagam,14136,7.2,K.BHUVANESWARI,Naam Tamilar Katchi,7470,3.8
141,TIRUCHIRAPPALLI (EAST),182493,27416,13708,7.51,C. JOSEPH VIJAY,Tamilaga Vettri Kazhagam,91381,50.07,S. INIGO IRUDAYARAJ,Dravida Munnetra Kazhagam,63965,35.05,G. RAJASEKARAN,All India Anna Dravida Munnetra Kazhagam,19715,10.8,DR.KRISHNASAMY .V,Naam Tamilar Katchi,4790,2.62
142,THIRUVERUMBUR,213583,8705,4353,2.04,VIJAYAKUMAR (A) NAVALPATTU S. VIJI,Tamilaga Vettri Kazhagam,89837,42.06,ANBIL MAHESH POYYAMOZHI,Dravida Munnetra Kazhagam,81132,37.99,KUMAR. P,All India Anna Dravida Munnetra Kazhagam,29473,13.8,RAJESSH. T,Naam Tamilar Katchi,9311,4.36
143,LALGUDI,185213,2739,1370,0.74,LEEMAROSE MARTIN,All India Anna Dravida Munnetra Kazhagam,60795,32.82,KU PA KRISHNAN,Tamilaga Vettri Kazhagam,58056,31.35,T. PARIVALLAL,Dravida Munnetra Kazhagam,55565,30.0,N. MADHAN,Naam Tamilar Katchi,6992,3.78
144,MANACHANALLUR,209780,12364,6182,2.95,KATHIRAVAN. S,Dravida Munnetra Kazhagam,81447,38.82,V.SARAVANAN,Tamilaga Vettri Kazhagam,69083,32.93,R.V. BHARATHAN,All India Anna Dravida Munnetra Kazhagam,46066,21.96,THENMOZHI. R,Naam Tamilar Katchi,9289,4.43
145,MUSIRI,189141,17442,8721,4.61,M.VIGNESH,Tamilaga Vettri Kazhagam,71281,37.69,N.S.KARUNAIRAAJA,Dravida Munnetra Kazhagam,53839,28.47,N.YOGANATHAN,All India Anna Dravida Munnetra Kazhagam,52061,27.52,G. BAKIYALAKSHMI,Naam Tamilar Katchi,8357,4.42
146,THURAIYUR,184426,9614,4807,2.61,RAVISANKAR.M,Tamilaga Vettri Kazhagam,66263,35.93,E.SAROJA,All India Anna Dravida Munnetra Kazhagam,56649,30.72,M.LENIN PRASATH,Indian National Congress,49222,26.69,S  KOWSALYA,Naam Tamilar Katchi,8436,4.57
147,PERAMBALUR,253654,14393,7197,2.84,SIVAKUMAR. K,Tamilaga Vettri Kazhagam,90882,35.83,DR. JAYALAKSHMI. S.T,Dravida Munnetra Kazhagam,76489,30.15,THAMIZHSELVAN. R,All India Anna Dravida Munnetra Kazhagam,72716,28.67,SUGANYA. J,Naam Tamilar Katchi,9474,3.74
148,KUNNAM,230570,15557,7779,3.37,SIVASANKAR. S.S,Dravida Munnetra Kazhagam,87237,37.84,SARANYA. A,All India Anna Dravida Munnetra Kazhagam,71680,31.09,REVATHI MUTHAMILSELVAN,Tamilaga Vettri Kazhagam,59170,25.66,KEERTHIVASAN. R,Naam Tamilar Katchi,7482,3.25
149,ARIYALUR,235858,24498,12249,5.19,RAJENDRAN S,All India Anna Dravida Munnetra Kazhagam,95219,40.37,LATHA BALU,Dravida Munnetra Kazhagam,70721,29.98,SIVAKUMAR M,Tamilaga Vettri Kazhagam,57359,24.32,PUGAZHENDHI D,Naam Tamilar Katchi,8527,3.62
150,JAYANKONDAM,228548,18490,9245,4.05,VAITHILINGAM G.,Pattali Makkal Katchi,88992,38.94,KANNAN KA.SO.KA.,Dravida Munnetra Kazhagam,70502,30.85,KAVITHA RAJENDRAN G.,Tamilaga Vettri Kazhagam,55538,24.3,REVATHI K.,Naam Tamilar Katchi,6192,2.71
151,TITTAKUDI,175754,2629,1315,0.75,GANESAN C.V,Dravida Munnetra Kazhagam,63106,35.91,RAJASEKAR A,Tamilaga Vettri Kazhagam,60477,34.41,MURUGUMARAN N,All India Anna Dravida Munnetra Kazhagam,42502,24.18,MAHALAKSHMI V,Naam Tamilar Katchi,5709,3.25
152,VRIDDHACHALAM,209186,2387,1194,0.57,PREMALLATHA VIJAYAKANT,Desiya Murpokku Dravida Kazhagam,69351,33.15,VIJAY.S,Tamilaga Vettri Kazhagam,66964,32.01,DR.TAMIZHARASI.P,Pattali Makkal Katchi,59791,28.58,ANANTHI DHANDAPANI,Naam Tamilar Katchi,6047,2.89
153,NEYVELI,168780,10962,5481,3.25,RAJENDRAN.R,All India Anna Dravida Munnetra Kazhagam,63731,37.76,SABA.RAJENDRAN,Dravida Munnetra Kazhagam,52769,31.26,ANAND.K,Tamilaga Vettri Kazhagam,34291,20.32,THIRUMALVALAVAN.T,Tamizhaga Vaazhvurimai Katchi,11381,6.74
154,PANRUTI,210767,10663,5332,2.53,MOHAN. K,All India Anna Dravida Munnetra Kazhagam,78398,37.2,ABDUR RAHMAN. A.R,Viduthalai Chiruthaigal Katchi,67735,32.14,MANIKANDAN. M,Tamilaga Vettri Kazhagam,56022,26.58,BANUPRIYA. M,Naam Tamilar Katchi,4884,2.32
155,CUDDALORE,190378,15519,7760,4.08,B.RAJKUMAR,Tamilaga Vettri Kazhagam,70856,37.22,A.S.CHANDARASEKARAN,Indian National Congress,55337,29.07,M.C.SAMPATH,All India Anna Dravida Munnetra Kazhagam,55258,29.03,S.SARASU,Naam Tamilar Katchi,5766,3.03
156,KURINJIPADI,213965,7589,3795,1.77,M.R.K.PANNEERSELVAM,Dravida Munnetra Kazhagam,76695,35.84,A  BHUVANENTHIRAN,All India Anna Dravida Munnetra Kazhagam,69106,32.3,RAJKUMAR D,Tamilaga Vettri Kazhagam,53110,24.82,T  KANNAN,Tamizhaga Vaazhvurimai Katchi,7113,3.32
157,BHUVANAGIRI,207310,2487,1244,0.6,ARUNMOZHITHEVAN . A,All India Anna Dravida Munnetra Kazhagam,75707,36.52,SARAVANAN. DURAI . K,Dravida Munnetra Kazhagam,73220,35.32,MAHALINGAM . T,Tamilaga Vettri Kazhagam,49904,24.07,SUMATHI . S,Naam Tamilar Katchi,5105,2.46
158,CHIDAMBARAM,196586,5747,2874,1.46,THAMIMUN ANSARI. M,Dravida Munnetra Kazhagam,69739,35.48,PANDIAN. K.A,All India Anna Dravida Munnetra Kazhagam,63992,32.55,NEDUNCHEZHIYAN,Tamilaga Vettri Kazhagam,54584,27.77,THAMIZH,Naam Tamilar Katchi,6169,3.14
159,KATTUMANNARKOIL,187905,33063,16532,8.8,L.E. JOTHIMANI,Viduthalai Chiruthaigal Katchi,85179,45.33,A. SOZHAN,Pattali Makkal Katchi,52116,27.74,S. SEENUVASAN,Tamilaga Vettri Kazhagam,43156,22.97,SIVAJOTHI .M,Naam Tamilar Katchi,4563,2.43
160,SIRKAZHI,200448,11417,5709,2.85,SENTHILSELVAN.R,Dravida Munnetra Kazhagam,71449,35.64,SAKTHI.M,All India Anna Dravida Munnetra Kazhagam,60032,29.95,GOPINATH.S,Tamilaga Vettri Kazhagam,59149,29.51,SUBASH.R,Naam Tamilar Katchi,7397,3.69
161,MAYILADUTHURAI,188461,10845,5423,2.88,JAMAL MOHAMED YOUNOOS. Y.N,Indian National Congress,68011,36.09,PALANISAMY. A   M.COM.,Pattali Makkal Katchi,57166,30.33,HAROON RASHEED. S.S,Tamilaga Vettri Kazhagam,52538,27.88,KASIRAMAN. K,Naam Tamilar Katchi,6886,3.65
162,POOMPUHAR,219324,8260,4130,1.88,NIVEDHA M MURUGAN,Dravida Munnetra Kazhagam,81096,36.98,PAVUNRAJ. S,All India Anna Dravida Munnetra Kazhagam,72836,33.21,VIJAYALAIYAN. J,Tamilaga Vettri Kazhagam,55902,25.49,ILAYANAGULAN. K,Naam Tamilar Katchi,6353,2.9
163,NAGAPATTINAM,151326,9781,4891,3.23,M.H.JAWAHIRULLAH,Dravida Munnetra Kazhagam,56305,37.21,M.SUGUMAR,Tamilaga Vettri Kazhagam,46524,30.74,THANKA.KATHIRAVAN,All India Anna Dravida Munnetra Kazhagam,41586,27.48,FATHIMA FARHANA.S,Naam Tamilar Katchi,5348,3.53
164,KILVELUR,151637,2278,1139,0.75,LATHA. T,Communist Party of India (Marxist),56108,37.0,SENTHIL PANDIAN. P,Tamilaga Vettri Kazhagam,53830,35.5,VADIVEL RAVANAN. S,Pattali Makkal Katchi,31675,20.89,KARTHIKA. M,Naam Tamilar Katchi,8069,5.32
165,VEDARANYAM,162216,7331,3666,2.26,MANIAN. O.S,All India Anna Dravida Munnetra Kazhagam,59172,36.48,PUGAZHENDI. M,Dravida Munnetra Kazhagam,51841,31.96,KINGSLY GERALD. A,Tamilaga Vettri Kazhagam,38347,23.64,KARTHICK. T,Naam Tamilar Katchi,10396,6.41
166,THIRUTHURAIPOONDI,191030,12922,6461,3.38,MARIMUTHU.K,Communist Party of India,74062,38.77,PANDIYAN.S,Tamilaga Vettri Kazhagam,61140,32.01,BALATHANDAYUTHAM.U,All India Anna Dravida Munnetra Kazhagam,43073,22.55,VINOTHINI.R,Naam Tamilar Katchi,10176,5.33
167,MANNARGUDI,194100,1566,783,0.4,KAMARAJ. S,Amma Makkal Munnettra Kazagam,68416,35.25,RAJAA.T.R.B,Dravida Munnetra Kazhagam,66850,34.44,RAJARAJAN.U,Tamilaga Vettri Kazhagam,44266,22.81,BHARATHISELVAN.R,Naam Tamilar Katchi,8240,4.25
168,THIRUVARUR,217875,18148,9074,4.16,KALAIVANAN POONDI  K,Dravida Munnetra Kazhagam,93408,42.87,VEERAMANI V,Tamilaga Vettri Kazhagam,75260,34.54,CHANDRASEKARAN  GOVI,Bharatiya Janata Party,36387,16.7,ASWINI B,Naam Tamilar Katchi,10031,4.6
169,NANNILAM,231444,41724,20862,9.01,KAMARAJ. R,All India Anna Dravida Munnetra Kazhagam,103462,44.7,MOHAMED MUBARAK,Dravida Munnetra Kazhagam,61738,26.68,PRABHAKARAN. S,Tamilaga Vettri Kazhagam,54530,23.56,THENMOZHI DILIPKUMAR,Naam Tamilar Katchi,8446,3.65
170,THIRUVIDAIMARUDUR,208944,14116,7058,3.38,GOVI.CHEZHIAAN,Dravida Munnetra Kazhagam,79951,38.26,S.PRABAKARAN,Tamilaga Vettri Kazhagam,65835,31.51,ELAMATHI SUBRAMANIAN,All India Anna Dravida Munnetra Kazhagam,52922,25.33,M.DIVYA BHARATHI,Naam Tamilar Katchi,6363,3.05
171,KUMBAKONAM,208288,679,340,0.16,VINOTH,Tamilaga Vettri Kazhagam,78650,37.76,ANBALAGAN G,Dravida Munnetra Kazhagam,77971,37.43,ASHOKKUMAR R,Bharatiya Janata Party,40103,19.25,ANANDH M,Naam Tamilar Katchi,7710,3.7
172,PAPANASAM,207723,1065,533,0.26,A.M. SHAHJAHAN,Indian Union Muslim League,69284,33.35,AZARUDEEN UDUMAN ALI,Tamilaga Vettri Kazhagam,68219,32.84,DORAI. SHANMUGA PRABU,All India Anna Dravida Munnetra Kazhagam,57072,27.48,ANIS FATHIMA,Naam Tamilar Katchi,9604,4.62
173,THIRUVAIYARU,222111,8555,4278,1.93,DURAI. CHANDRASEKARAN,Dravida Munnetra Kazhagam,80425,36.21,MATHI. MANIKANDAN,Tamilaga Vettri Kazhagam,71870,32.36,VELU. KARTHIKEYAN,Amma Makkal Munnettra Kazagam,55121,24.82,DURAI. SENTHILNATHAN,Naam Tamilar Katchi,10681,4.81
174,THANJAVUR,198798,16955,8478,4.26,R. VIJAYSARAVANAN,Tamilaga Vettri Kazhagam,87705,44.12,SHAN. RAMANATHAN,Dravida Munnetra Kazhagam,70750,35.59,KARUPPU MURUGANANTHAM,Bharatiya Janata Party,26790,13.48,N. KRISHNAKUMAR,Naam Tamilar Katchi,9383,4.72
175,ORATHANADU,195304,35028,17514,8.97,R. VAITHILINGAM,Dravida Munnetra Kazhagam,86759,44.42,DR. K. ARVIND,Tamilaga Vettri Kazhagam,51731,26.49,M. SEKAR,All India Anna Dravida Munnetra Kazhagam,44260,22.66,S.THIRUMURUGAN,Naam Tamilar Katchi,10135,5.19
176,PATTUKKOTTAI,183745,13754,6877,3.74,ANNADURAI K,Dravida Munnetra Kazhagam,65963,35.9,MATHAN C,Tamilaga Vettri Kazhagam,52209,28.41,SEKAR C V,All India Anna Dravida Munnetra Kazhagam,49575,26.98,KANNAN S,Naam Tamilar Katchi,13145,7.15
177,PERAVURANI,176274,3162,1581,0.9,ASHOKKUMAR. N,Dravida Munnetra Kazhagam,60919,34.56,GOVI.ELANGO,All India Anna Dravida Munnetra Kazhagam,57757,32.77,D.CHANDRAKANDEEBAN,Tamilaga Vettri Kazhagam,45576,25.86,BHUVANA MANIYARASAN,Naam Tamilar Katchi,9122,5.17
178,GANDHARVAKOTTAI,167618,11039,5520,3.29,N. SUBRAMANIAN,Tamilaga Vettri Kazhagam,58795,35.08,C. UTHAYAKUMAR,Bharatiya Janata Party,47756,28.49,M. CHINNADURAI,Communist Party of India (Marxist),46734,27.88,NATHIYA,Naam Tamilar Katchi,10189,6.08
179,VIRALIMALAI,203921,62073,31037,15.22,VIJAYABASKAR. C,All India Anna Dravida Munnetra Kazhagam,105773,51.87,MURUGESAN. P,Tamilaga Vettri Kazhagam,43700,21.43,CHELLAPANDIYAN. K.K,Dravida Munnetra Kazhagam,40397,19.81,SATHYALAKSHMI. K,Naam Tamilar Katchi,9467,4.64
180,PUDUKKOTTAI,190378,1867,934,0.49,V. MUTHURAJA,Dravida Munnetra Kazhagam,66825,35.1,K.M. SHARIFF,Tamilaga Vettri Kazhagam,64958,34.12,N. RAMACHANDRAN,Bharatiya Janata Party,41089,21.58,EZHILARASI VIJAYENDRAN,Naam Tamilar Katchi,11673,6.13
181,THIRUMAYAM,182612,1492,746,0.41,REGUPATHY.S,Dravida Munnetra Kazhagam,58201,31.87,CHINTHAMANI.C,Tamilaga Vettri Kazhagam,56709,31.05,VAIRAMUTHU.PK,All India Anna Dravida Munnetra Kazhagam,55464,30.37,LAKSHMI SRINIVASAN,Naam Tamilar Katchi,9102,4.98
182,ALANGUDI,180483,12977,6489,3.6,SIVA.V.MEYYANATHAN,Dravida Munnetra Kazhagam,64929,35.98,KANDASAMY,Tamilaga Vettri Kazhagam,51952,28.78,DHANA VIMAL,All India Anna Dravida Munnetra Kazhagam,50063,27.74,R.RAJARAM,Naam Tamilar Katchi,10652,5.9
183,ARANTHANGI,182730,10062,5031,2.75,MOHAMED FARVAS. J,Tamilaga Vettri Kazhagam,73244,40.08,RAMACHANDRAN . T,Indian National Congress,63182,34.58,KAVITHA SRIKANTH,Bharatiya Janata Party,31456,17.21,MUTHULAKSHMI. S,Naam Tamilar Katchi,9975,5.46
184,KARAIKUDI,229267,46074,23037,10.05,DR.PRABHU. TK,Tamilaga Vettri Kazhagam,101358,44.21,MANGUDI. S,Indian National Congress,55284,24.11,DHERPOKI V.PANDI,Amma Makkal Munnettra Kazagam,33352,14.55,SEEMAN,Naam Tamilar Katchi,30793,13.43
185,TIRUPPATTUR,215710,1,1,0.0,SEENIVASA SETHUPATHY. R,Tamilaga Vettri Kazhagam,83375,38.65,PERIAKARUPPAN. KR,Dravida Munnetra Kazhagam,83374,38.65,THIRUMARAN. K.C,Bharatiya Janata Party,29054,13.47,RAMYA MOHAN,Naam Tamilar Katchi,15291,7.09
186,SIVAGANGA,214067,15081,7541,3.52,KULANTHAI RANI A,Tamilaga Vettri Kazhagam,73737,34.45,SENTHILNATHAN PR,All India Anna Dravida Munnetra Kazhagam,58656,27.4,KARUNAAS S,Dravida Munnetra Kazhagam,57300,26.77,INDHUJA R,Naam Tamilar Katchi,19021,8.89
187,MANAMADURAI,208643,1208,604,0.29,ELANGOVAN.D,Tamilaga Vettri Kazhagam,69971,33.54,TAMILARASI.A,Dravida Munnetra Kazhagam,68763,32.96,BALAGANAPATHY.V,Bharatiya Janata Party,42610,20.42,SHANMUGAPRIYA.M,Naam Tamilar Katchi,19676,9.43
188,MELUR,190726,2724,1362,0.71,P.VISWANATHAN,Indian National Congress,60080,31.5,A.MADURAIVEERAN,Tamilaga Vettri Kazhagam,57356,30.07,P.PERIYAPULLAN (A) SELVAM,All India Anna Dravida Munnetra Kazhagam,56744,29.75,KOTTAIKUMAR,Naam Tamilar Katchi,9570,5.02
189,MADURAI EAST,271566,16547,8274,3.05,KARTHIKEYAN S,Tamilaga Vettri Kazhagam,118777,43.74,MOORTHY P,Dravida Munnetra Kazhagam,102230,37.64,MAHENDRAN K,All India Anna Dravida Munnetra Kazhagam,31016,11.42,SELVAM K,Naam Tamilar Katchi,13629,5.02
190,SHOLAVANDAN,189080,2678,1339,0.71,KARUPPAIAH.M.V,Tamilaga Vettri Kazhagam,63907,33.8,VENKATESAN.A,Dravida Munnetra Kazhagam,61229,32.38,MANICKAM.K,All India Anna Dravida Munnetra Kazhagam,49494,26.18,NAGALAKSHMI THIRUMARAN.T,Naam Tamilar Katchi,10430,5.52
191,MADURAI NORTH,161801,18038,9019,5.57,A.KALLANAI,Tamilaga Vettri Kazhagam,72853,45.03,G.THALAPATHI,Dravida Munnetra Kazhagam,54815,33.88,P.SARAVANAN,All India Anna Dravida Munnetra Kazhagam,24982,15.44,V THIRUNAVUKKARASU,Naam Tamilar Katchi,7415,4.58
192,MADURAI SOUTH,141503,21529,10765,7.61,M.M.GOPISON,Tamilaga Vettri Kazhagam,62415,44.11,M.BOOMINATHAN,Dravida Munnetra Kazhagam,40886,28.89,RAAMA SREENIVASAN,Bharatiya Janata Party,31100,21.98,B.M.SUMATHY,Naam Tamilar Katchi,5863,4.14
193,MADURAI CENTRAL,148586,19128,9564,6.44,MADHAR BADHURUDEEN,Tamilaga Vettri Kazhagam,63414,42.68,PALANIVEL THIAGA RAJAN,Dravida Munnetra Kazhagam,44286,29.8,SUNDAR  C,All India Anna Dravida Munnetra Kazhagam,33538,22.57,ABDUL HAKEEM  K,Naam Tamilar Katchi,5549,3.73
194,MADURAI WEST,216403,11931,5966,2.76,THANGAPANDI SR,Tamilaga Vettri Kazhagam,88250,40.78,BALAJI R,Dravida Munnetra Kazhagam,76319,35.27,SELLUR K RAJU,All India Anna Dravida Munnetra Kazhagam,38961,18.0,VIGNESHKUMAR S,Naam Tamilar Katchi,10574,4.89
195,THIRUPARANKUNDRAM,255466,41553,20777,8.13,NIRMALKUMAR. R.,Tamilaga Vettri Kazhagam,114316,44.75,KIRUTHIGA THANGAPANDI,Dravida Munnetra Kazhagam,72763,28.48,RAJANCHELLAPPA. V.V.,All India Anna Dravida Munnetra Kazhagam,49865,19.52,SATHYADEVI. T.,Naam Tamilar Katchi,14350,5.62
196,THIRUMANGALAM,230980,23807,11904,5.15,MANIMARAN.M,Dravida Munnetra Kazhagam,88291,38.22,UDHAYAKUMAR.R.B,All India Anna Dravida Munnetra Kazhagam,64484,27.92,SATHISHKUMAR.N,Tamilaga Vettri Kazhagam,60826,26.33,MUNISH.N,Naam Tamilar Katchi,11139,4.82
197,USILAMPATTI,224048,1805,903,0.4,VIJAY. M,Tamilaga Vettri Kazhagam,65743,29.34,MAHENDRAN. I,All India Anna Dravida Munnetra Kazhagam,63938,28.54,SARAVANAKUMAR. T,Indian National Congress,59465,26.54,AYYAPPAN. P,All India Puratchi Thalaivar Makkal Munnettra Kazhagam,16620,7.42
198,ANDIPATTI,217329,9554,4777,2.2,MAHARAJAN.A,Dravida Munnetra Kazhagam,74324,34.2,PANDI.V,Tamilaga Vettri Kazhagam,64770,29.8,LOGIRAJAN.A,All India Anna Dravida Munnetra Kazhagam,63343,29.15,GOMATHI .M,Naam Tamilar Katchi,10346,4.76
199,PERIYAKULAM,211209,19321,9661,4.57,SABARI IYNGARAN G.,Tamilaga Vettri Kazhagam,85656,40.56,SAKTHIVEL P.,Viduthalai Chiruthaigal Katchi,66335,31.41,DR KATHIRKAMU K.,Amma Makkal Munnettra Kazagam,44521,21.08,VIMALA R.,Naam Tamilar Katchi,9610,4.55
200,BODINAYAKANUR,220628,6805,3403,1.54,PANNEERSELVAM.O,Dravida Munnetra Kazhagam,85206,38.62,PRAKASH.S,Tamilaga Vettri Kazhagam,78401,35.54,NARAYANASAMY V.T.,All India Anna Dravida Munnetra Kazhagam,41286,18.71,KALAIARASU.S,Naam Tamilar Katchi,11455,5.19
201,CUMBUM,210574,751,376,0.18,JEGANATHMISHRA PLA,Tamilaga Vettri Kazhagam,85394,40.55,ERAMAKRISHNAN N,Dravida Munnetra Kazhagam,84643,40.2,JAKKAIYAN S.T.K.,All India Anna Dravida Munnetra Kazhagam,27307,12.97,ANBUSELVI A,Naam Tamilar Katchi,9599,4.56
202,RAJAPALAYAM,183020,10605,5303,2.9,JEGADESHWARI. K,Tamilaga Vettri Kazhagam,65548,35.81,THANGAPANDIAN. S,Dravida Munnetra Kazhagam,54943,30.02,PRISCILLA PANDIAN. J,Bharatiya Janata Party,36318,19.84,DR. KARTHIKEYAN. T.E.,Naam Tamilar Katchi,16972,9.27
203,SRIVILLIPUTHUR,193471,8581,4291,2.22,KARTHIK.A,Tamilaga Vettri Kazhagam,65653,33.93,MAHALINGAM.P,Communist Party of India,57072,29.5,CHANDRAPRABHA.M,All India Anna Dravida Munnetra Kazhagam,42839,22.14,KARIKALAPANDIYAN.A,Naam Tamilar Katchi,13274,6.86
204,SATTUR,198734,5989,2995,1.51,KADARKARAIRAJ. A,Dravida Munnetra Kazhagam,62060,31.23,NAINAR NAGENTHRAN,Bharatiya Janata Party,56071,28.21,AJITH. M,Tamilaga Vettri Kazhagam,53498,26.92,ESAKKIRAJA. K,All India Puratchi Thalaivar Makkal Munnettra Kazhagam,11602,5.84
205,SIVAKASI,193517,11670,5835,3.02,KEERTHANA S,Tamilaga Vettri Kazhagam,68709,35.51,ASHOKAN G,Indian National Congress,57039,29.47,RAJENTHRABHALAJI K T,All India Anna Dravida Munnetra Kazhagam,51078,26.39,ESTHER MARY DIANA A,Naam Tamilar Katchi,10191,5.27
206,VIRUDHUNAGAR,167832,9391,4696,2.8,SELVAM P,Tamilaga Vettri Kazhagam,63653,37.93,VIJAYAPRABHAKAR,Desiya Murpokku Dravida Kazhagam,54262,32.33,GANESAN V.G.,All India Anna Dravida Munnetra Kazhagam,34212,20.38,LAKSHMANAN,Naam Tamilar Katchi,10120,6.03
207,ARUPPUKKOTTAI,178413,4943,2472,1.39,RAMACHANDRAN. K.K.S.S.R,Dravida Munnetra Kazhagam,65104,36.49,KARTHIK KUMAR. K,Tamilaga Vettri Kazhagam,60161,33.72,SETHUPATHY. S,All India Anna Dravida Munnetra Kazhagam,37190,20.84,MANIMARAN. G,Naam Tamilar Katchi,8499,4.76
208,TIRUCHULI,181250,13485,6743,3.72,THANGAM THENARASU,Dravida Munnetra Kazhagam,75085,41.43,SAMAYAN.S,Tamilaga Vettri Kazhagam,61600,33.99,RAJAVARMAN.M.S.R,All India Anna Dravida Munnetra Kazhagam,25581,14.11,AVARANGADU KARTHIK RAJA,Naam Tamilar Katchi,12763,7.04
209,PARAMAKUDI,189753,3548,1774,0.93,ADVOCATE. KATHIRAVAN. K.K,Dravida Munnetra Kazhagam,59161,31.18,GOPIRAJAN. G,Tamilaga Vettri Kazhagam,55613,29.31,DR. MUTHIAH. S,All India Anna Dravida Munnetra Kazhagam,54099,28.51,EZHIL ELAVARASI. R,Naam Tamilar Katchi,15363,8.1
210,TIRUVADANAI,220278,2513,1257,0.57,RAJEEV,Tamilaga Vettri Kazhagam,69551,31.57,RM. KARUMANICKAM,Indian National Congress,67038,30.43,M.KEERTHIKA,All India Anna Dravida Munnetra Kazhagam,63879,29.0,N PREMNATH,Naam Tamilar Katchi,13389,6.08
211,RAMANATHAPURAM,237576,12459,6230,2.62,KATHARBATCHA MUTHURAMALINGAM,Dravida Munnetra Kazhagam,89137,37.52,SHAHUL HAMEED,Tamilaga Vettri Kazhagam,76678,32.28,GBS K.NAGENDRAN,Bharatiya Janata Party,57730,24.3,S.M. MUTHU KESAVAN,Naam Tamilar Katchi,10766,4.53
212,MUDHUKULATHUR,231373,16598,8299,3.59,R.S.RAJAKANNAPPAN,Dravida Munnetra Kazhagam,68003,29.39,MALARVIZHI. B,Tamilaga Vettri Kazhagam,51405,22.22,S.PANDI,All India Anna Dravida Munnetra Kazhagam,47501,20.53,DR.R.RAMKUMAR,All India Puratchi Thalaivar Makkal Munnettra Kazhagam,40422,17.47
213,VILATHIKULAM,174814,8228,4114,2.35,MARKANDAYAN G V,Dravida Munnetra Kazhagam,58395,33.4,P. KASIRAM,Tamilaga Vettri Kazhagam,50167,28.7,R. SATHYA,All India Anna Dravida Munnetra Kazhagam,48879,27.96,BALAJI RAMACHANDRAN,Naam Tamilar Katchi,11780,6.74
214,THOOTHUKKUDI,204712,37731,18866,9.22,SRINATH,Tamilaga Vettri Kazhagam,100536,49.11,P. GEETHA JEEVAN,Dravida Munnetra Kazhagam,62805,30.68,CHELLAPANDIAN S.T.,All India Anna Dravida Munnetra Kazhagam,26213,12.8,JACOB DEVADOSS ABISHEAK R.,Naam Tamilar Katchi,11752,5.74
215,TIRUCHENDUR,186050,5872,2936,1.58,ANITHA R. RADHAKRISHNAN,Dravida Munnetra Kazhagam,72723,39.09,J. MURUGAN,Tamilaga Vettri Kazhagam,66851,35.93,K R M RADHAKRISHNAN,Bharatiya Janata Party,34159,18.36,OPHILIYA,Naam Tamilar Katchi,9794,5.26
216,SRIVAIKUNTAM,176421,1186,593,0.34,SARAVANAN. G,Tamilaga Vettri Kazhagam,58814,33.34,SHANMUGANATHAN. S. P,All India Anna Dravida Munnetra Kazhagam,57628,32.67,OORVASI AMIRTHARAJ. S,Indian National Congress,41277,23.4,SHUNMUGASUNDARAM. S,Naam Tamilar Katchi,13153,7.46
217,OTTAPIDARAM,196117,29083,14542,7.41,P .MATHANRAJA,Tamilaga Vettri Kazhagam,81625,41.62,P.M.RAMAJEYAM,Dravida Munnetra Kazhagam,52542,26.79,R SUNDARARAJ,Amma Makkal Munnettra Kazagam,25871,13.19,M. ANUSIYA,Naam Tamilar Katchi,17279,8.81
218,KOVILPATTI,194232,843,422,0.22,KARUNANITHI.K,Dravida Munnetra Kazhagam,61643,31.74,BALASUBRAMANIAN.S,Tamilaga Vettri Kazhagam,60800,31.3,KADAMBUR RAJU.C,All India Anna Dravida Munnetra Kazhagam,53014,27.29,PANDI.P,Naam Tamilar Katchi,11919,6.14
219,SANKARANKOVIL,196480,6489,3245,1.65,DR. DHILIPAN JAISHANKAR,All India Anna Dravida Munnetra Kazhagam,64865,33.01,C. RAMARAJAN,Tamilaga Vettri Kazhagam,58376,29.71,SANGAI. GANESAN,Indian National Congress,42567,21.66,M. KAVITHA,Naam Tamilar Katchi,12767,6.5
220,VASUDEVANALLUR,189795,6583,3292,1.73,E. RAJA,Dravida Munnetra Kazhagam,63045,33.22,ANANTHAN AYYASAMY,Bharatiya Janata Party,56462,29.75,R. AMUTHARANI,Tamilaga Vettri Kazhagam,45862,24.16,ESAI MATHIVANAN,Naam Tamilar Katchi,12856,6.77
221,KADAYANALLUR,221951,6253,3127,1.41,RAJENDRAN. T. M,Dravida Munnetra Kazhagam,79832,35.97,C. KRISHNAMURALI,All India Anna Dravida Munnetra Kazhagam,73579,33.15,ABDUL JALEEL. R. K,Tamilaga Vettri Kazhagam,49254,22.19,ABUBACKER SIDDHEEQ,Naam Tamilar Katchi,10965,4.94
222,TENKASI,234987,10299,5150,2.19,DR.KALAI KATHIRAVAN,Dravida Munnetra Kazhagam,79699,33.92,S.SELVA MOHANDAS PANDIAN,All India Anna Dravida Munnetra Kazhagam,69400,29.53,A. RAJAPRAKASH,Tamilaga Vettri Kazhagam,55543,23.64,P. PUSHPALATHA,Naam Tamilar Katchi,16394,6.98
223,ALANGULAM,220857,7798,3899,1.77,PAUL MANOJ PANDIAN,Dravida Munnetra Kazhagam,69170,31.32,K R P PRABAKARAN,All India Anna Dravida Munnetra Kazhagam,61372,27.79,VIBIN CHAKKARAVARTHY,Tamilaga Vettri Kazhagam,60684,27.48,R PAULRAJ,Naam Tamilar Katchi,23380,10.59
224,TIRUNELVELI,218425,11414,5707,2.61,MURUGHAN.R.S.,Tamilaga Vettri Kazhagam,75840,34.72,SUBRAMANIAN.S,Dravida Munnetra Kazhagam,64426,29.5,THACHAI GANESARAJA,All India Anna Dravida Munnetra Kazhagam,47504,21.75,SATHYA. B.,Naam Tamilar Katchi,15108,6.92
225,AMBASAMUDRAM,191195,10245,5123,2.68,DR.ESAKKI SUBAYA,All India Anna Dravida Munnetra Kazhagam,65589,34.3,V.P.DURAI,Indian National Congress,55344,28.95,S.RAJAGOPAL,Tamilaga Vettri Kazhagam,53611,28.04,DR.V.SIVASANKARAN,Naam Tamilar Katchi,14906,7.8
226,PALAYAMKOTTAI,180620,13805,6903,3.82,M.ABDUL WAHAB,Dravida Munnetra Kazhagam,79744,44.15,MARIA JOHN,Tamilaga Vettri Kazhagam,65939,36.51,SYED SULTHAN SAMSUDEEN,All India Anna Dravida Munnetra Kazhagam,19732,10.92,SANKARA NARAYANAN ALIAS SARAN,Naam Tamilar Katchi,10465,5.79
227,NANGUNERI,209419,16419,8210,3.92,REDDIARPATTI V. NARAYANAN,Tamilaga Vettri Kazhagam,74952,35.79,RUBY.R.MANOHARAN,Indian National Congress,58533,27.95,R. ESAKKIMUTHU,Amma Makkal Munnettra Kazagam,38316,18.3,S. SELVAM,Naam Tamilar Katchi,17618,8.41
228,RADHAPURAM,199931,12313,6157,3.08,DR.SATHISH CHRISTOPHER,Tamilaga Vettri Kazhagam,69947,34.99,APPAVU.M,Dravida Munnetra Kazhagam,57634,28.83,BALAKRISHNAN.S.P,Bharatiya Janata Party,52637,26.33,GIRIJA THAMARAIPANDIAN.D,Naam Tamilar Katchi,15370,7.69
229,KANNIYAKUMARI,239150,214,107,0.04,THALAVAI SUNDARAM. N,All India Anna Dravida Munnetra Kazhagam,75045,31.38,MAHESH.R,Dravida Munnetra Kazhagam,74831,31.29,MADHAVAN.S.R,Tamilaga Vettri Kazhagam,72977,30.52,MARIA JENNIFER,Naam Tamilar Katchi,13689,5.72
230,NAGERCOIL,196280,7570,3785,1.93,AUSTIN,Dravida Munnetra Kazhagam,69880,35.6,BERVIN KINGS G,Tamilaga Vettri Kazhagam,62310,31.75,GANDHI M R,Bharatiya Janata Party,52355,26.67,MUTHUKUMAR M,Naam Tamilar Katchi,8573,4.37
231,COLACHAL,199013,2833,1417,0.71,THARAHAI CUTHBERT,Indian National Congress,66207,33.27,PREM ALEX LAWRENCE,Tamilaga Vettri Kazhagam,63374,31.84,SIVAKUMAR. T,Bharatiya Janata Party,54384,27.33,ANCY SHOBA RANI. L,Naam Tamilar Katchi,12458,6.26
232,PADMANABHAPURAM,180555,15569,7785,4.31,CHELLASWAMY. R,Communist Party of India (Marxist),68938,38.18,KRISHNA KUMAR. S,Tamilaga Vettri Kazhagam,53369,29.56,RAMESH. P,Bharatiya Janata Party,44293,24.53,SEELAN,Naam Tamilar Katchi,11288,6.25
233,VILAVANCODE,174927,20970,10485,5.99,PRAVEEN T.T,Indian National Congress,70755,40.45,MICHAEL KUMAR K,Tamilaga Vettri Kazhagam,49785,28.46,VIJAYADHARANI S,Bharatiya Janata Party,45604,26.07,MARIA STELLA,Naam Tamilar Katchi,6199,3.54
234,KILLIYOOR,177534,1311,656,0.37,RAJESH KUMAR. S,Indian National Congress,66434,37.42,SABIN. S,Tamilaga Vettri Kazhagam,65123,36.68,NIVIN SIMON. J,Bharatiya Janata Party,31070,17.5,HIMLAR,Naam Tamilar Katchi,12764,7.19
